smiles1,smiles2,PANC-1
NC1=NC(N)=C2N=C(CC(CC#C)C3=CC=C(C=C3)C(=O)N[C@@H](CCC(O)=O)C(O)=O)C=NC2=N1,O=C(NCCCCC1CCN(CC1)C(=O)C2=CC=CC=C2)\C=C\C3=CN=CC=C3,0
CC(C)C1=NN(C2=C1C(=O)NC(CC3=CC=C(OCCO)C=C3)=N2)C4=C(Cl)C=CC=C4Cl,O=C(NCCCCC1CCN(CC1)C(=O)C2=CC=CC=C2)\C=C\C3=CN=CC=C3,0
ClC1=CC=C(OCCCCCCN\C(NC2=CC=NC=C2)=N/C#N)C=C1,O=C(NCCCCC1CCN(CC1)C(=O)C2=CC=CC=C2)\C=C\C3=CN=CC=C3,1
O=C(CC1=CC=C(C=N1)C2=CC=C(OCCN3CCOCC3)C=C2)NCC4=CC=CC=C4,O=C(NCCCCC1CCN(CC1)C(=O)C2=CC=CC=C2)\C=C\C3=CN=CC=C3,1
CC(C)C[C@H](NC(=O)[C@H](CC1=CC=CC=C1)NC(=O)C2=NC=CN=C2)B(O)O,O=C(NCCCCC1CCN(CC1)C(=O)C2=CC=CC=C2)\C=C\C3=CN=CC=C3,1
COCCN1C(C)=[N+](CC2=NC=CN=C2)C3=C1C(=O)C4=CC=CC=C4C3=O,O=C(NCCCCC1CCN(CC1)C(=O)C2=CC=CC=C2)\C=C\C3=CN=CC=C3,0
COC1=C(OC)C=C2C(NCCN3CCOCC3)=NC(=NC2=C1)C4=CC=C(C=C4)N5CCN(C)CC5,O=C(NCCCCC1CCN(CC1)C(=O)C2=CC=CC=C2)\C=C\C3=CN=CC=C3,0
CN1C=C(C=N1)C2=CC=C3N=CC4=C(N(C(=O)C=C4)C5=CC6=C(CCN6C(=O)C=C)C=C5)C3=C2,O=C(NCCCCC1CCN(CC1)C(=O)C2=CC=CC=C2)\C=C\C3=CN=CC=C3,0
CCC1=C2N=C(C=C(NCC3=CC=C[N+]([O-])=C3)N2N=C1)N4CCCC[C@H]4CCO,O=C(NCCCCC1CCN(CC1)C(=O)C2=CC=CC=C2)\C=C\C3=CN=CC=C3,0
CN1CCN(CC1)C2=CC=C(NC3=NC=C4C(=O)N(CC=C)N(C4=N3)C5=CC=CC(=N5)C(C)(C)O)C=C2,O=C(NCCCCC1CCN(CC1)C(=O)C2=CC=CC=C2)\C=C\C3=CN=CC=C3,0
CC1=C(CCNCC2=CC=C(\C=C\C(=O)NO)C=C2)C3=CC=CC=C3N1,O=C(NCCCCC1CCN(CC1)C(=O)C2=CC=CC=C2)\C=C\C3=CN=CC=C3,1
CC(C)C[C@H](NC(=O)[C@H](CCC1=CC=CC=C1)NC(=O)CN2CCOCC2)C(=O)N[C@@H](CC3=CC=CC=C3)C(=O)N[C@@H](CC(C)C)C(=O)[C@@]4(C)CO4,O=C(NCCCCC1CCN(CC1)C(=O)C2=CC=CC=C2)\C=C\C3=CN=CC=C3,1
O=C1C2=CC=CC=C2[N+]3=C1C4=C(C=C3)C5=CC=CC=C5N4,O=C(NCCCCC1CCN(CC1)C(=O)C2=CC=CC=C2)\C=C\C3=CN=CC=C3,1
COC[C@H](NC(=O)[C@H](COC)NC(=O)C1=CN=C(C)S1)C(=O)N[C@@H](CC2=CC=CC=C2)C(=O)[C@@]3(C)CO3,O=C(NCCCCC1CCN(CC1)C(=O)C2=CC=CC=C2)\C=C\C3=CN=CC=C3,1
CC1(C)OC2=C([C@H](NCC3=CC=CC=C3)[C@@H]1O)C(=O)C4=CC=CC=C4C2=O,O=C(NCCCCC1CCN(CC1)C(=O)C2=CC=CC=C2)\C=C\C3=CN=CC=C3,1
COC1=CC2=C(C=C1OC)N(C=N2)C3=CC(OCC4=C(C=CC=C4)C(F)(F)F)=C(S3)C(N)=O,O=C(NCCCCC1CCN(CC1)C(=O)C2=CC=CC=C2)\C=C\C3=CN=CC=C3,1
C\C(=N/NC(=S)N1CCC1)C2=NC=CC=C2,O=C(NCCCCC1CCN(CC1)C(=O)C2=CC=CC=C2)\C=C\C3=CN=CC=C3,0
COC1=CC=C(C=C1)[S+]([O-])(=O)N(C(C)=O)C2=C(\C=C\C3=CC=N(=O)C=C3)C=CC=C2,O=C(NCCCCC1CCN(CC1)C(=O)C2=CC=CC=C2)\C=C\C3=CN=CC=C3,0
FC(F)C1=NN(C(=C1)C2=CN=C(NC(=O)C3CC3)S2)C4=C(Cl)C=CC=C4Cl,O=C(NCCCCC1CCN(CC1)C(=O)C2=CC=CC=C2)\C=C\C3=CN=CC=C3,1
CC(NCC1=CC=C2N(CC(C)(C)O)\C(NC2=C1)=N\C(=O)C3=CC=C(S3)C4=CNN=C4)C(C)(C)C,O=C(NCCCCC1CCN(CC1)C(=O)C2=CC=CC=C2)\C=C\C3=CN=CC=C3,0
CC(C)C1=C2N=C(N[C@@H](CO)[C@H](O)CO)C=C(NCC3=CC=CC=C3)N2N=C1,O=C(NCCCCC1CCN(CC1)C(=O)C2=CC=CC=C2)\C=C\C3=CN=CC=C3,0
CC(C)(N)C1=CC=C(C=C1)C2=NC3=C(C=CC=C3)N=C2C4=CC=CC=C4,O=C(NCCCCC1CCN(CC1)C(=O)C2=CC=CC=C2)\C=C\C3=CN=CC=C3,0
CC[C@H]1N(C(C)C)C2=NC(NC3=CC=C(C=C3OC)C(=O)NC4CCC(CC4)N5CCN(CC6CC6)CC5)=NC=C2N(C)C1=O,O=C(NCCCCC1CCN(CC1)C(=O)C2=CC=CC=C2)\C=C\C3=CN=CC=C3,0
CCOC(=O)N1CCN(CC1)[N+](\[O-])=N\OC2=CC=C(C=C2C#N)[N+]([O-])=O,O=C(NCCCCC1CCN(CC1)C(=O)C2=CC=CC=C2)\C=C\C3=CN=CC=C3,0
CC[C@H]1N(C2CCCC2)C3=NC(NC4=CC=C(C=C4OC)C(=O)NC5CCN(C)CC5)=NC=C3N(C)C1=O,O=C(NCCCCC1CCN(CC1)C(=O)C2=CC=CC=C2)\C=C\C3=CN=CC=C3,1
ClC1=CC=C(CCCOC2=NNC(=O)C(Br)=C2NCC3=CN=CC=C3)C=C1,O=C(NCCCCC1CCN(CC1)C(=O)C2=CC=CC=C2)\C=C\C3=CN=CC=C3,1
C[C@@H](OC1=C(SC(=C1)N2C=NC3=C2C=C(CN4CCN(C)CC4)C=C3)C(N)=O)C5=CC=CC=C5C(F)(F)F,O=C(NCCCCC1CCN(CC1)C(=O)C2=CC=CC=C2)\C=C\C3=CN=CC=C3,1
CN(C(C)=O)C1(CCN(CCC[C@@]2(CCCN(C2)C(=O)C3=CC=CC=C3)C4=CC=C(Cl)C(Cl)=C4)CC1)C5=CC=CC=C5,O=C(NCCCCC1CCN(CC1)C(=O)C2=CC=CC=C2)\C=C\C3=CN=CC=C3,1
NC1=NC(N)=C2N=C(CC(CC#C)C3=CC=C(C=C3)C(=O)N[C@@H](CCC(O)=O)C(O)=O)C=NC2=N1,CC(C)C1=NN(C2=C1C(=O)NC(CC3=CC=C(OCCO)C=C3)=N2)C4=C(Cl)C=CC=C4Cl,0
O=C(CC1=CC=C(C=N1)C2=CC=C(OCCN3CCOCC3)C=C2)NCC4=CC=CC=C4,CC(C)C1=NN(C2=C1C(=O)NC(CC3=CC=C(OCCO)C=C3)=N2)C4=C(Cl)C=CC=C4Cl,1
CN1C=C(C=N1)C2=CC=C3N=CC4=C(N(C(=O)C=C4)C5=CC6=C(CCN6C(=O)C=C)C=C5)C3=C2,CC(C)C1=NN(C2=C1C(=O)NC(CC3=CC=C(OCCO)C=C3)=N2)C4=C(Cl)C=CC=C4Cl,1
CCC1=C2N=C(C=C(NCC3=CC=C[N+]([O-])=C3)N2N=C1)N4CCCC[C@H]4CCO,CC(C)C1=NN(C2=C1C(=O)NC(CC3=CC=C(OCCO)C=C3)=N2)C4=C(Cl)C=CC=C4Cl,1
O=C1C2=CC=CC=C2[N+]3=C1C4=C(C=C3)C5=CC=CC=C5N4,CC(C)C1=NN(C2=C1C(=O)NC(CC3=CC=C(OCCO)C=C3)=N2)C4=C(Cl)C=CC=C4Cl,1
C\C(=N/NC(=S)N1CCC1)C2=NC=CC=C2,CC(C)C1=NN(C2=C1C(=O)NC(CC3=CC=C(OCCO)C=C3)=N2)C4=C(Cl)C=CC=C4Cl,1
COC1=CC=C(C=C1)[S+]([O-])(=O)N(C(C)=O)C2=C(\C=C\C3=CC=N(=O)C=C3)C=CC=C2,CC(C)C1=NN(C2=C1C(=O)NC(CC3=CC=C(OCCO)C=C3)=N2)C4=C(Cl)C=CC=C4Cl,1
FC(F)C1=NN(C(=C1)C2=CN=C(NC(=O)C3CC3)S2)C4=C(Cl)C=CC=C4Cl,CC(C)C1=NN(C2=C1C(=O)NC(CC3=CC=C(OCCO)C=C3)=N2)C4=C(Cl)C=CC=C4Cl,1
CC(C)C1=C2N=C(N[C@@H](CO)[C@H](O)CO)C=C(NCC3=CC=CC=C3)N2N=C1,CC(C)C1=NN(C2=C1C(=O)NC(CC3=CC=C(OCCO)C=C3)=N2)C4=C(Cl)C=CC=C4Cl,1
CC(C)(N)C1=CC=C(C=C1)C2=NC3=C(C=CC=C3)N=C2C4=CC=CC=C4,CC(C)C1=NN(C2=C1C(=O)NC(CC3=CC=C(OCCO)C=C3)=N2)C4=C(Cl)C=CC=C4Cl,1
CCOC(=O)N1CCN(CC1)[N+](\[O-])=N\OC2=CC=C(C=C2C#N)[N+]([O-])=O,CC(C)C1=NN(C2=C1C(=O)NC(CC3=CC=C(OCCO)C=C3)=N2)C4=C(Cl)C=CC=C4Cl,1
ClC1=CC=C(CCCOC2=NNC(=O)C(Br)=C2NCC3=CN=CC=C3)C=C1,CC(C)C1=NN(C2=C1C(=O)NC(CC3=CC=C(OCCO)C=C3)=N2)C4=C(Cl)C=CC=C4Cl,1
NC1=NC(N)=C2N=C(CC(CC#C)C3=CC=C(C=C3)C(=O)N[C@@H](CCC(O)=O)C(O)=O)C=NC2=N1,ClC1=CC=C(OCCCCCCN\C(NC2=CC=NC=C2)=N/C#N)C=C1,0
CC(C)C1=NN(C2=C1C(=O)NC(CC3=CC=C(OCCO)C=C3)=N2)C4=C(Cl)C=CC=C4Cl,ClC1=CC=C(OCCCCCCN\C(NC2=CC=NC=C2)=N/C#N)C=C1,0
O=C(CC1=CC=C(C=N1)C2=CC=C(OCCN3CCOCC3)C=C2)NCC4=CC=CC=C4,ClC1=CC=C(OCCCCCCN\C(NC2=CC=NC=C2)=N/C#N)C=C1,0
CN1C=C(C=N1)C2=CC=C3N=CC4=C(N(C(=O)C=C4)C5=CC6=C(CCN6C(=O)C=C)C=C5)C3=C2,ClC1=CC=C(OCCCCCCN\C(NC2=CC=NC=C2)=N/C#N)C=C1,0
CCC1=C2N=C(C=C(NCC3=CC=C[N+]([O-])=C3)N2N=C1)N4CCCC[C@H]4CCO,ClC1=CC=C(OCCCCCCN\C(NC2=CC=NC=C2)=N/C#N)C=C1,0
O=C1C2=CC=CC=C2[N+]3=C1C4=C(C=C3)C5=CC=CC=C5N4,ClC1=CC=C(OCCCCCCN\C(NC2=CC=NC=C2)=N/C#N)C=C1,1
COC[C@H](NC(=O)[C@H](COC)NC(=O)C1=CN=C(C)S1)C(=O)N[C@@H](CC2=CC=CC=C2)C(=O)[C@@]3(C)CO3,ClC1=CC=C(OCCCCCCN\C(NC2=CC=NC=C2)=N/C#N)C=C1,1
C\C(=N/NC(=S)N1CCC1)C2=NC=CC=C2,ClC1=CC=C(OCCCCCCN\C(NC2=CC=NC=C2)=N/C#N)C=C1,1
COC1=CC=C(C=C1)[S+]([O-])(=O)N(C(C)=O)C2=C(\C=C\C3=CC=N(=O)C=C3)C=CC=C2,ClC1=CC=C(OCCCCCCN\C(NC2=CC=NC=C2)=N/C#N)C=C1,0
FC(F)C1=NN(C(=C1)C2=CN=C(NC(=O)C3CC3)S2)C4=C(Cl)C=CC=C4Cl,ClC1=CC=C(OCCCCCCN\C(NC2=CC=NC=C2)=N/C#N)C=C1,1
CC(C)C1=C2N=C(N[C@@H](CO)[C@H](O)CO)C=C(NCC3=CC=CC=C3)N2N=C1,ClC1=CC=C(OCCCCCCN\C(NC2=CC=NC=C2)=N/C#N)C=C1,0
CC(C)(N)C1=CC=C(C=C1)C2=NC3=C(C=CC=C3)N=C2C4=CC=CC=C4,ClC1=CC=C(OCCCCCCN\C(NC2=CC=NC=C2)=N/C#N)C=C1,1
CCOC(=O)N1CCN(CC1)[N+](\[O-])=N\OC2=CC=C(C=C2C#N)[N+]([O-])=O,ClC1=CC=C(OCCCCCCN\C(NC2=CC=NC=C2)=N/C#N)C=C1,1
ClC1=CC=C(CCCOC2=NNC(=O)C(Br)=C2NCC3=CN=CC=C3)C=C1,ClC1=CC=C(OCCCCCCN\C(NC2=CC=NC=C2)=N/C#N)C=C1,1
NC1=NC(N)=C2N=C(CC(CC#C)C3=CC=C(C=C3)C(=O)N[C@@H](CCC(O)=O)C(O)=O)C=NC2=N1,O=C(CC1=CC=C(C=N1)C2=CC=C(OCCN3CCOCC3)C=C2)NCC4=CC=CC=C4,0
CN1C=C(C=N1)C2=CC=C3N=CC4=C(N(C(=O)C=C4)C5=CC6=C(CCN6C(=O)C=C)C=C5)C3=C2,O=C(CC1=CC=C(C=N1)C2=CC=C(OCCN3CCOCC3)C=C2)NCC4=CC=CC=C4,1
CCC1=C2N=C(C=C(NCC3=CC=C[N+]([O-])=C3)N2N=C1)N4CCCC[C@H]4CCO,O=C(CC1=CC=C(C=N1)C2=CC=C(OCCN3CCOCC3)C=C2)NCC4=CC=CC=C4,1
O=C1C2=CC=CC=C2[N+]3=C1C4=C(C=C3)C5=CC=CC=C5N4,O=C(CC1=CC=C(C=N1)C2=CC=C(OCCN3CCOCC3)C=C2)NCC4=CC=CC=C4,0
C\C(=N/NC(=S)N1CCC1)C2=NC=CC=C2,O=C(CC1=CC=C(C=N1)C2=CC=C(OCCN3CCOCC3)C=C2)NCC4=CC=CC=C4,1
CCOC(=O)N1CCN(CC1)[N+](\[O-])=N\OC2=CC=C(C=C2C#N)[N+]([O-])=O,O=C(CC1=CC=C(C=N1)C2=CC=C(OCCN3CCOCC3)C=C2)NCC4=CC=CC=C4,0
NC1=NC(N)=C2N=C(CC(CC#C)C3=CC=C(C=C3)C(=O)N[C@@H](CCC(O)=O)C(O)=O)C=NC2=N1,CC(C)C[C@H](NC(=O)[C@H](CC1=CC=CC=C1)NC(=O)C2=NC=CN=C2)B(O)O,0
CC(C)C1=NN(C2=C1C(=O)NC(CC3=CC=C(OCCO)C=C3)=N2)C4=C(Cl)C=CC=C4Cl,CC(C)C[C@H](NC(=O)[C@H](CC1=CC=CC=C1)NC(=O)C2=NC=CN=C2)B(O)O,1
ClC1=CC=C(OCCCCCCN\C(NC2=CC=NC=C2)=N/C#N)C=C1,CC(C)C[C@H](NC(=O)[C@H](CC1=CC=CC=C1)NC(=O)C2=NC=CN=C2)B(O)O,1
O=C(CC1=CC=C(C=N1)C2=CC=C(OCCN3CCOCC3)C=C2)NCC4=CC=CC=C4,CC(C)C[C@H](NC(=O)[C@H](CC1=CC=CC=C1)NC(=O)C2=NC=CN=C2)B(O)O,1
COCCN1C(C)=[N+](CC2=NC=CN=C2)C3=C1C(=O)C4=CC=CC=C4C3=O,CC(C)C[C@H](NC(=O)[C@H](CC1=CC=CC=C1)NC(=O)C2=NC=CN=C2)B(O)O,1
COC1=C(OC)C=C2C(NCCN3CCOCC3)=NC(=NC2=C1)C4=CC=C(C=C4)N5CCN(C)CC5,CC(C)C[C@H](NC(=O)[C@H](CC1=CC=CC=C1)NC(=O)C2=NC=CN=C2)B(O)O,1
CN1C=C(C=N1)C2=CC=C3N=CC4=C(N(C(=O)C=C4)C5=CC6=C(CCN6C(=O)C=C)C=C5)C3=C2,CC(C)C[C@H](NC(=O)[C@H](CC1=CC=CC=C1)NC(=O)C2=NC=CN=C2)B(O)O,1
CCC1=C2N=C(C=C(NCC3=CC=C[N+]([O-])=C3)N2N=C1)N4CCCC[C@H]4CCO,CC(C)C[C@H](NC(=O)[C@H](CC1=CC=CC=C1)NC(=O)C2=NC=CN=C2)B(O)O,1
CN1CCN(CC1)C2=CC=C(NC3=NC=C4C(=O)N(CC=C)N(C4=N3)C5=CC=CC(=N5)C(C)(C)O)C=C2,CC(C)C[C@H](NC(=O)[C@H](CC1=CC=CC=C1)NC(=O)C2=NC=CN=C2)B(O)O,0
CC1=C(CCNCC2=CC=C(\C=C\C(=O)NO)C=C2)C3=CC=CC=C3N1,CC(C)C[C@H](NC(=O)[C@H](CC1=CC=CC=C1)NC(=O)C2=NC=CN=C2)B(O)O,1
CC(C)C[C@H](NC(=O)[C@H](CCC1=CC=CC=C1)NC(=O)CN2CCOCC2)C(=O)N[C@@H](CC3=CC=CC=C3)C(=O)N[C@@H](CC(C)C)C(=O)[C@@]4(C)CO4,CC(C)C[C@H](NC(=O)[C@H](CC1=CC=CC=C1)NC(=O)C2=NC=CN=C2)B(O)O,1
O=C1C2=CC=CC=C2[N+]3=C1C4=C(C=C3)C5=CC=CC=C5N4,CC(C)C[C@H](NC(=O)[C@H](CC1=CC=CC=C1)NC(=O)C2=NC=CN=C2)B(O)O,0
COC[C@H](NC(=O)[C@H](COC)NC(=O)C1=CN=C(C)S1)C(=O)N[C@@H](CC2=CC=CC=C2)C(=O)[C@@]3(C)CO3,CC(C)C[C@H](NC(=O)[C@H](CC1=CC=CC=C1)NC(=O)C2=NC=CN=C2)B(O)O,1
CC1(C)OC2=C([C@H](NCC3=CC=CC=C3)[C@@H]1O)C(=O)C4=CC=CC=C4C2=O,CC(C)C[C@H](NC(=O)[C@H](CC1=CC=CC=C1)NC(=O)C2=NC=CN=C2)B(O)O,1
C\C(=N/NC(=S)N1CCC1)C2=NC=CC=C2,CC(C)C[C@H](NC(=O)[C@H](CC1=CC=CC=C1)NC(=O)C2=NC=CN=C2)B(O)O,1
COC1=CC=C(C=C1)[S+]([O-])(=O)N(C(C)=O)C2=C(\C=C\C3=CC=N(=O)C=C3)C=CC=C2,CC(C)C[C@H](NC(=O)[C@H](CC1=CC=CC=C1)NC(=O)C2=NC=CN=C2)B(O)O,1
FC(F)C1=NN(C(=C1)C2=CN=C(NC(=O)C3CC3)S2)C4=C(Cl)C=CC=C4Cl,CC(C)C[C@H](NC(=O)[C@H](CC1=CC=CC=C1)NC(=O)C2=NC=CN=C2)B(O)O,1
CC(C)C1=C2N=C(N[C@@H](CO)[C@H](O)CO)C=C(NCC3=CC=CC=C3)N2N=C1,CC(C)C[C@H](NC(=O)[C@H](CC1=CC=CC=C1)NC(=O)C2=NC=CN=C2)B(O)O,1
CC(C)(N)C1=CC=C(C=C1)C2=NC3=C(C=CC=C3)N=C2C4=CC=CC=C4,CC(C)C[C@H](NC(=O)[C@H](CC1=CC=CC=C1)NC(=O)C2=NC=CN=C2)B(O)O,1
CC[C@H]1N(C(C)C)C2=NC(NC3=CC=C(C=C3OC)C(=O)NC4CCC(CC4)N5CCN(CC6CC6)CC5)=NC=C2N(C)C1=O,CC(C)C[C@H](NC(=O)[C@H](CC1=CC=CC=C1)NC(=O)C2=NC=CN=C2)B(O)O,0
CCOC(=O)N1CCN(CC1)[N+](\[O-])=N\OC2=CC=C(C=C2C#N)[N+]([O-])=O,CC(C)C[C@H](NC(=O)[C@H](CC1=CC=CC=C1)NC(=O)C2=NC=CN=C2)B(O)O,1
CC[C@H]1N(C2CCCC2)C3=NC(NC4=CC=C(C=C4OC)C(=O)NC5CCN(C)CC5)=NC=C3N(C)C1=O,CC(C)C[C@H](NC(=O)[C@H](CC1=CC=CC=C1)NC(=O)C2=NC=CN=C2)B(O)O,0
ClC1=CC=C(CCCOC2=NNC(=O)C(Br)=C2NCC3=CN=CC=C3)C=C1,CC(C)C[C@H](NC(=O)[C@H](CC1=CC=CC=C1)NC(=O)C2=NC=CN=C2)B(O)O,0
C[C@@H](OC1=C(SC(=C1)N2C=NC3=C2C=C(CN4CCN(C)CC4)C=C3)C(N)=O)C5=CC=CC=C5C(F)(F)F,CC(C)C[C@H](NC(=O)[C@H](CC1=CC=CC=C1)NC(=O)C2=NC=CN=C2)B(O)O,0
CN(C(C)=O)C1(CCN(CCC[C@@]2(CCCN(C2)C(=O)C3=CC=CC=C3)C4=CC=C(Cl)C(Cl)=C4)CC1)C5=CC=CC=C5,CC(C)C[C@H](NC(=O)[C@H](CC1=CC=CC=C1)NC(=O)C2=NC=CN=C2)B(O)O,1
NC1=NC(N)=C2N=C(CC(CC#C)C3=CC=C(C=C3)C(=O)N[C@@H](CCC(O)=O)C(O)=O)C=NC2=N1,COCCN1C(C)=[N+](CC2=NC=CN=C2)C3=C1C(=O)C4=CC=CC=C4C3=O,1
CC(C)C1=NN(C2=C1C(=O)NC(CC3=CC=C(OCCO)C=C3)=N2)C4=C(Cl)C=CC=C4Cl,COCCN1C(C)=[N+](CC2=NC=CN=C2)C3=C1C(=O)C4=CC=CC=C4C3=O,1
ClC1=CC=C(OCCCCCCN\C(NC2=CC=NC=C2)=N/C#N)C=C1,COCCN1C(C)=[N+](CC2=NC=CN=C2)C3=C1C(=O)C4=CC=CC=C4C3=O,1
O=C(CC1=CC=C(C=N1)C2=CC=C(OCCN3CCOCC3)C=C2)NCC4=CC=CC=C4,COCCN1C(C)=[N+](CC2=NC=CN=C2)C3=C1C(=O)C4=CC=CC=C4C3=O,1
COC1=C(OC)C=C2C(NCCN3CCOCC3)=NC(=NC2=C1)C4=CC=C(C=C4)N5CCN(C)CC5,COCCN1C(C)=[N+](CC2=NC=CN=C2)C3=C1C(=O)C4=CC=CC=C4C3=O,0
CN1C=C(C=N1)C2=CC=C3N=CC4=C(N(C(=O)C=C4)C5=CC6=C(CCN6C(=O)C=C)C=C5)C3=C2,COCCN1C(C)=[N+](CC2=NC=CN=C2)C3=C1C(=O)C4=CC=CC=C4C3=O,1
CCC1=C2N=C(C=C(NCC3=CC=C[N+]([O-])=C3)N2N=C1)N4CCCC[C@H]4CCO,COCCN1C(C)=[N+](CC2=NC=CN=C2)C3=C1C(=O)C4=CC=CC=C4C3=O,1
CN1CCN(CC1)C2=CC=C(NC3=NC=C4C(=O)N(CC=C)N(C4=N3)C5=CC=CC(=N5)C(C)(C)O)C=C2,COCCN1C(C)=[N+](CC2=NC=CN=C2)C3=C1C(=O)C4=CC=CC=C4C3=O,0
CC1=C(CCNCC2=CC=C(\C=C\C(=O)NO)C=C2)C3=CC=CC=C3N1,COCCN1C(C)=[N+](CC2=NC=CN=C2)C3=C1C(=O)C4=CC=CC=C4C3=O,1
CC(C)C[C@H](NC(=O)[C@H](CCC1=CC=CC=C1)NC(=O)CN2CCOCC2)C(=O)N[C@@H](CC3=CC=CC=C3)C(=O)N[C@@H](CC(C)C)C(=O)[C@@]4(C)CO4,COCCN1C(C)=[N+](CC2=NC=CN=C2)C3=C1C(=O)C4=CC=CC=C4C3=O,1
O=C1C2=CC=CC=C2[N+]3=C1C4=C(C=C3)C5=CC=CC=C5N4,COCCN1C(C)=[N+](CC2=NC=CN=C2)C3=C1C(=O)C4=CC=CC=C4C3=O,1
COC[C@H](NC(=O)[C@H](COC)NC(=O)C1=CN=C(C)S1)C(=O)N[C@@H](CC2=CC=CC=C2)C(=O)[C@@]3(C)CO3,COCCN1C(C)=[N+](CC2=NC=CN=C2)C3=C1C(=O)C4=CC=CC=C4C3=O,1
CC1(C)OC2=C([C@H](NCC3=CC=CC=C3)[C@@H]1O)C(=O)C4=CC=CC=C4C2=O,COCCN1C(C)=[N+](CC2=NC=CN=C2)C3=C1C(=O)C4=CC=CC=C4C3=O,1
C\C(=N/NC(=S)N1CCC1)C2=NC=CC=C2,COCCN1C(C)=[N+](CC2=NC=CN=C2)C3=C1C(=O)C4=CC=CC=C4C3=O,1
COC1=CC=C(C=C1)[S+]([O-])(=O)N(C(C)=O)C2=C(\C=C\C3=CC=N(=O)C=C3)C=CC=C2,COCCN1C(C)=[N+](CC2=NC=CN=C2)C3=C1C(=O)C4=CC=CC=C4C3=O,1
FC(F)C1=NN(C(=C1)C2=CN=C(NC(=O)C3CC3)S2)C4=C(Cl)C=CC=C4Cl,COCCN1C(C)=[N+](CC2=NC=CN=C2)C3=C1C(=O)C4=CC=CC=C4C3=O,1
CC(C)C1=C2N=C(N[C@@H](CO)[C@H](O)CO)C=C(NCC3=CC=CC=C3)N2N=C1,COCCN1C(C)=[N+](CC2=NC=CN=C2)C3=C1C(=O)C4=CC=CC=C4C3=O,1
CC(C)(N)C1=CC=C(C=C1)C2=NC3=C(C=CC=C3)N=C2C4=CC=CC=C4,COCCN1C(C)=[N+](CC2=NC=CN=C2)C3=C1C(=O)C4=CC=CC=C4C3=O,0
CC[C@H]1N(C(C)C)C2=NC(NC3=CC=C(C=C3OC)C(=O)NC4CCC(CC4)N5CCN(CC6CC6)CC5)=NC=C2N(C)C1=O,COCCN1C(C)=[N+](CC2=NC=CN=C2)C3=C1C(=O)C4=CC=CC=C4C3=O,1
CCOC(=O)N1CCN(CC1)[N+](\[O-])=N\OC2=CC=C(C=C2C#N)[N+]([O-])=O,COCCN1C(C)=[N+](CC2=NC=CN=C2)C3=C1C(=O)C4=CC=CC=C4C3=O,1
CC[C@H]1N(C2CCCC2)C3=NC(NC4=CC=C(C=C4OC)C(=O)NC5CCN(C)CC5)=NC=C3N(C)C1=O,COCCN1C(C)=[N+](CC2=NC=CN=C2)C3=C1C(=O)C4=CC=CC=C4C3=O,1
ClC1=CC=C(CCCOC2=NNC(=O)C(Br)=C2NCC3=CN=CC=C3)C=C1,COCCN1C(C)=[N+](CC2=NC=CN=C2)C3=C1C(=O)C4=CC=CC=C4C3=O,0
C[C@@H](OC1=C(SC(=C1)N2C=NC3=C2C=C(CN4CCN(C)CC4)C=C3)C(N)=O)C5=CC=CC=C5C(F)(F)F,COCCN1C(C)=[N+](CC2=NC=CN=C2)C3=C1C(=O)C4=CC=CC=C4C3=O,0
CN(C(C)=O)C1(CCN(CCC[C@@]2(CCCN(C2)C(=O)C3=CC=CC=C3)C4=CC=C(Cl)C(Cl)=C4)CC1)C5=CC=CC=C5,COCCN1C(C)=[N+](CC2=NC=CN=C2)C3=C1C(=O)C4=CC=CC=C4C3=O,1
O=C(NCCCCC1CCN(CC1)C(=O)C2=CC=CC=C2)\C=C\C3=CN=CC=C3,CN(CC1=CN=C2N=C(N)N=C(N)C2=N1)C3=CC=C(C=C3)C(=O)N[C@@H](CCC(O)=O)C(O)=O,1
NC1=NC(N)=C2N=C(CC(CC#C)C3=CC=C(C=C3)C(=O)N[C@@H](CCC(O)=O)C(O)=O)C=NC2=N1,CN(CC1=CN=C2N=C(N)N=C(N)C2=N1)C3=CC=C(C=C3)C(=O)N[C@@H](CCC(O)=O)C(O)=O,1
CC(C)C1=NN(C2=C1C(=O)NC(CC3=CC=C(OCCO)C=C3)=N2)C4=C(Cl)C=CC=C4Cl,CN(CC1=CN=C2N=C(N)N=C(N)C2=N1)C3=CC=C(C=C3)C(=O)N[C@@H](CCC(O)=O)C(O)=O,0
ClC1=CC=C(OCCCCCCN\C(NC2=CC=NC=C2)=N/C#N)C=C1,CN(CC1=CN=C2N=C(N)N=C(N)C2=N1)C3=CC=C(C=C3)C(=O)N[C@@H](CCC(O)=O)C(O)=O,0
O=C(CC1=CC=C(C=N1)C2=CC=C(OCCN3CCOCC3)C=C2)NCC4=CC=CC=C4,CN(CC1=CN=C2N=C(N)N=C(N)C2=N1)C3=CC=C(C=C3)C(=O)N[C@@H](CCC(O)=O)C(O)=O,0
CC(C)C[C@H](NC(=O)[C@H](CC1=CC=CC=C1)NC(=O)C2=NC=CN=C2)B(O)O,CN(CC1=CN=C2N=C(N)N=C(N)C2=N1)C3=CC=C(C=C3)C(=O)N[C@@H](CCC(O)=O)C(O)=O,0
COCCN1C(C)=[N+](CC2=NC=CN=C2)C3=C1C(=O)C4=CC=CC=C4C3=O,CN(CC1=CN=C2N=C(N)N=C(N)C2=N1)C3=CC=C(C=C3)C(=O)N[C@@H](CCC(O)=O)C(O)=O,0
COC1=C(OC)C=C2C(NCCN3CCOCC3)=NC(=NC2=C1)C4=CC=C(C=C4)N5CCN(C)CC5,CN(CC1=CN=C2N=C(N)N=C(N)C2=N1)C3=CC=C(C=C3)C(=O)N[C@@H](CCC(O)=O)C(O)=O,0
CN1C=C(C=N1)C2=CC=C3N=CC4=C(N(C(=O)C=C4)C5=CC6=C(CCN6C(=O)C=C)C=C5)C3=C2,CN(CC1=CN=C2N=C(N)N=C(N)C2=N1)C3=CC=C(C=C3)C(=O)N[C@@H](CCC(O)=O)C(O)=O,0
CCC1=C2N=C(C=C(NCC3=CC=C[N+]([O-])=C3)N2N=C1)N4CCCC[C@H]4CCO,CN(CC1=CN=C2N=C(N)N=C(N)C2=N1)C3=CC=C(C=C3)C(=O)N[C@@H](CCC(O)=O)C(O)=O,0
CN1CCN(CC1)C2=CC=C(NC3=NC=C4C(=O)N(CC=C)N(C4=N3)C5=CC=CC(=N5)C(C)(C)O)C=C2,CN(CC1=CN=C2N=C(N)N=C(N)C2=N1)C3=CC=C(C=C3)C(=O)N[C@@H](CCC(O)=O)C(O)=O,0
CC1=C(CCNCC2=CC=C(\C=C\C(=O)NO)C=C2)C3=CC=CC=C3N1,CN(CC1=CN=C2N=C(N)N=C(N)C2=N1)C3=CC=C(C=C3)C(=O)N[C@@H](CCC(O)=O)C(O)=O,0
CC(C)C[C@H](NC(=O)[C@H](CCC1=CC=CC=C1)NC(=O)CN2CCOCC2)C(=O)N[C@@H](CC3=CC=CC=C3)C(=O)N[C@@H](CC(C)C)C(=O)[C@@]4(C)CO4,CN(CC1=CN=C2N=C(N)N=C(N)C2=N1)C3=CC=C(C=C3)C(=O)N[C@@H](CCC(O)=O)C(O)=O,0
O=C1C2=CC=CC=C2[N+]3=C1C4=C(C=C3)C5=CC=CC=C5N4,CN(CC1=CN=C2N=C(N)N=C(N)C2=N1)C3=CC=C(C=C3)C(=O)N[C@@H](CCC(O)=O)C(O)=O,0
COC[C@H](NC(=O)[C@H](COC)NC(=O)C1=CN=C(C)S1)C(=O)N[C@@H](CC2=CC=CC=C2)C(=O)[C@@]3(C)CO3,CN(CC1=CN=C2N=C(N)N=C(N)C2=N1)C3=CC=C(C=C3)C(=O)N[C@@H](CCC(O)=O)C(O)=O,0
CC1(C)OC2=C([C@H](NCC3=CC=CC=C3)[C@@H]1O)C(=O)C4=CC=CC=C4C2=O,CN(CC1=CN=C2N=C(N)N=C(N)C2=N1)C3=CC=C(C=C3)C(=O)N[C@@H](CCC(O)=O)C(O)=O,0
COC1=CC2=C(C=C1OC)N(C=N2)C3=CC(OCC4=C(C=CC=C4)C(F)(F)F)=C(S3)C(N)=O,CN(CC1=CN=C2N=C(N)N=C(N)C2=N1)C3=CC=C(C=C3)C(=O)N[C@@H](CCC(O)=O)C(O)=O,0
C\C(=N/NC(=S)N1CCC1)C2=NC=CC=C2,CN(CC1=CN=C2N=C(N)N=C(N)C2=N1)C3=CC=C(C=C3)C(=O)N[C@@H](CCC(O)=O)C(O)=O,0
COC1=CC=C(C=C1)[S+]([O-])(=O)N(C(C)=O)C2=C(\C=C\C3=CC=N(=O)C=C3)C=CC=C2,CN(CC1=CN=C2N=C(N)N=C(N)C2=N1)C3=CC=C(C=C3)C(=O)N[C@@H](CCC(O)=O)C(O)=O,0
FC(F)C1=NN(C(=C1)C2=CN=C(NC(=O)C3CC3)S2)C4=C(Cl)C=CC=C4Cl,CN(CC1=CN=C2N=C(N)N=C(N)C2=N1)C3=CC=C(C=C3)C(=O)N[C@@H](CCC(O)=O)C(O)=O,0
CC(NCC1=CC=C2N(CC(C)(C)O)\C(NC2=C1)=N\C(=O)C3=CC=C(S3)C4=CNN=C4)C(C)(C)C,CN(CC1=CN=C2N=C(N)N=C(N)C2=N1)C3=CC=C(C=C3)C(=O)N[C@@H](CCC(O)=O)C(O)=O,0
CC(C)C1=C2N=C(N[C@@H](CO)[C@H](O)CO)C=C(NCC3=CC=CC=C3)N2N=C1,CN(CC1=CN=C2N=C(N)N=C(N)C2=N1)C3=CC=C(C=C3)C(=O)N[C@@H](CCC(O)=O)C(O)=O,0
CC(C)(N)C1=CC=C(C=C1)C2=NC3=C(C=CC=C3)N=C2C4=CC=CC=C4,CN(CC1=CN=C2N=C(N)N=C(N)C2=N1)C3=CC=C(C=C3)C(=O)N[C@@H](CCC(O)=O)C(O)=O,0
CC[C@H]1N(C(C)C)C2=NC(NC3=CC=C(C=C3OC)C(=O)NC4CCC(CC4)N5CCN(CC6CC6)CC5)=NC=C2N(C)C1=O,CN(CC1=CN=C2N=C(N)N=C(N)C2=N1)C3=CC=C(C=C3)C(=O)N[C@@H](CCC(O)=O)C(O)=O,0
CCOC(=O)N1CCN(CC1)[N+](\[O-])=N\OC2=CC=C(C=C2C#N)[N+]([O-])=O,CN(CC1=CN=C2N=C(N)N=C(N)C2=N1)C3=CC=C(C=C3)C(=O)N[C@@H](CCC(O)=O)C(O)=O,0
CC[C@H]1N(C2CCCC2)C3=NC(NC4=CC=C(C=C4OC)C(=O)NC5CCN(C)CC5)=NC=C3N(C)C1=O,CN(CC1=CN=C2N=C(N)N=C(N)C2=N1)C3=CC=C(C=C3)C(=O)N[C@@H](CCC(O)=O)C(O)=O,0
ClC1=CC=C(CCCOC2=NNC(=O)C(Br)=C2NCC3=CN=CC=C3)C=C1,CN(CC1=CN=C2N=C(N)N=C(N)C2=N1)C3=CC=C(C=C3)C(=O)N[C@@H](CCC(O)=O)C(O)=O,1
C[C@@H](OC1=C(SC(=C1)N2C=NC3=C2C=C(CN4CCN(C)CC4)C=C3)C(N)=O)C5=CC=CC=C5C(F)(F)F,CN(CC1=CN=C2N=C(N)N=C(N)C2=N1)C3=CC=C(C=C3)C(=O)N[C@@H](CCC(O)=O)C(O)=O,0
CN(C(C)=O)C1(CCN(CCC[C@@]2(CCCN(C2)C(=O)C3=CC=CC=C3)C4=CC=C(Cl)C(Cl)=C4)CC1)C5=CC=CC=C5,CN(CC1=CN=C2N=C(N)N=C(N)C2=N1)C3=CC=C(C=C3)C(=O)N[C@@H](CCC(O)=O)C(O)=O,0
NC1=NC(N)=C2N=C(CC(CC#C)C3=CC=C(C=C3)C(=O)N[C@@H](CCC(O)=O)C(O)=O)C=NC2=N1,COC1=C(OC)C=C2C(NCCN3CCOCC3)=NC(=NC2=C1)C4=CC=C(C=C4)N5CCN(C)CC5,0
CC(C)C1=NN(C2=C1C(=O)NC(CC3=CC=C(OCCO)C=C3)=N2)C4=C(Cl)C=CC=C4Cl,COC1=C(OC)C=C2C(NCCN3CCOCC3)=NC(=NC2=C1)C4=CC=C(C=C4)N5CCN(C)CC5,1
ClC1=CC=C(OCCCCCCN\C(NC2=CC=NC=C2)=N/C#N)C=C1,COC1=C(OC)C=C2C(NCCN3CCOCC3)=NC(=NC2=C1)C4=CC=C(C=C4)N5CCN(C)CC5,0
O=C(CC1=CC=C(C=N1)C2=CC=C(OCCN3CCOCC3)C=C2)NCC4=CC=CC=C4,COC1=C(OC)C=C2C(NCCN3CCOCC3)=NC(=NC2=C1)C4=CC=C(C=C4)N5CCN(C)CC5,0
CN1C=C(C=N1)C2=CC=C3N=CC4=C(N(C(=O)C=C4)C5=CC6=C(CCN6C(=O)C=C)C=C5)C3=C2,COC1=C(OC)C=C2C(NCCN3CCOCC3)=NC(=NC2=C1)C4=CC=C(C=C4)N5CCN(C)CC5,0
CCC1=C2N=C(C=C(NCC3=CC=C[N+]([O-])=C3)N2N=C1)N4CCCC[C@H]4CCO,COC1=C(OC)C=C2C(NCCN3CCOCC3)=NC(=NC2=C1)C4=CC=C(C=C4)N5CCN(C)CC5,1
CN1CCN(CC1)C2=CC=C(NC3=NC=C4C(=O)N(CC=C)N(C4=N3)C5=CC=CC(=N5)C(C)(C)O)C=C2,COC1=C(OC)C=C2C(NCCN3CCOCC3)=NC(=NC2=C1)C4=CC=C(C=C4)N5CCN(C)CC5,1
CC1=C(CCNCC2=CC=C(\C=C\C(=O)NO)C=C2)C3=CC=CC=C3N1,COC1=C(OC)C=C2C(NCCN3CCOCC3)=NC(=NC2=C1)C4=CC=C(C=C4)N5CCN(C)CC5,1
O=C1C2=CC=CC=C2[N+]3=C1C4=C(C=C3)C5=CC=CC=C5N4,COC1=C(OC)C=C2C(NCCN3CCOCC3)=NC(=NC2=C1)C4=CC=C(C=C4)N5CCN(C)CC5,1
COC[C@H](NC(=O)[C@H](COC)NC(=O)C1=CN=C(C)S1)C(=O)N[C@@H](CC2=CC=CC=C2)C(=O)[C@@]3(C)CO3,COC1=C(OC)C=C2C(NCCN3CCOCC3)=NC(=NC2=C1)C4=CC=C(C=C4)N5CCN(C)CC5,0
CC1(C)OC2=C([C@H](NCC3=CC=CC=C3)[C@@H]1O)C(=O)C4=CC=CC=C4C2=O,COC1=C(OC)C=C2C(NCCN3CCOCC3)=NC(=NC2=C1)C4=CC=C(C=C4)N5CCN(C)CC5,1
C\C(=N/NC(=S)N1CCC1)C2=NC=CC=C2,COC1=C(OC)C=C2C(NCCN3CCOCC3)=NC(=NC2=C1)C4=CC=C(C=C4)N5CCN(C)CC5,1
COC1=CC=C(C=C1)[S+]([O-])(=O)N(C(C)=O)C2=C(\C=C\C3=CC=N(=O)C=C3)C=CC=C2,COC1=C(OC)C=C2C(NCCN3CCOCC3)=NC(=NC2=C1)C4=CC=C(C=C4)N5CCN(C)CC5,0
FC(F)C1=NN(C(=C1)C2=CN=C(NC(=O)C3CC3)S2)C4=C(Cl)C=CC=C4Cl,COC1=C(OC)C=C2C(NCCN3CCOCC3)=NC(=NC2=C1)C4=CC=C(C=C4)N5CCN(C)CC5,1
CC(C)C1=C2N=C(N[C@@H](CO)[C@H](O)CO)C=C(NCC3=CC=CC=C3)N2N=C1,COC1=C(OC)C=C2C(NCCN3CCOCC3)=NC(=NC2=C1)C4=CC=C(C=C4)N5CCN(C)CC5,0
CC(C)(N)C1=CC=C(C=C1)C2=NC3=C(C=CC=C3)N=C2C4=CC=CC=C4,COC1=C(OC)C=C2C(NCCN3CCOCC3)=NC(=NC2=C1)C4=CC=C(C=C4)N5CCN(C)CC5,0
CC[C@H]1N(C(C)C)C2=NC(NC3=CC=C(C=C3OC)C(=O)NC4CCC(CC4)N5CCN(CC6CC6)CC5)=NC=C2N(C)C1=O,COC1=C(OC)C=C2C(NCCN3CCOCC3)=NC(=NC2=C1)C4=CC=C(C=C4)N5CCN(C)CC5,0
CCOC(=O)N1CCN(CC1)[N+](\[O-])=N\OC2=CC=C(C=C2C#N)[N+]([O-])=O,COC1=C(OC)C=C2C(NCCN3CCOCC3)=NC(=NC2=C1)C4=CC=C(C=C4)N5CCN(C)CC5,0
ClC1=CC=C(CCCOC2=NNC(=O)C(Br)=C2NCC3=CN=CC=C3)C=C1,COC1=C(OC)C=C2C(NCCN3CCOCC3)=NC(=NC2=C1)C4=CC=C(C=C4)N5CCN(C)CC5,1
C[C@@H](OC1=C(SC(=C1)N2C=NC3=C2C=C(CN4CCN(C)CC4)C=C3)C(N)=O)C5=CC=CC=C5C(F)(F)F,COC1=C(OC)C=C2C(NCCN3CCOCC3)=NC(=NC2=C1)C4=CC=C(C=C4)N5CCN(C)CC5,0
CN(C(C)=O)C1(CCN(CCC[C@@]2(CCCN(C2)C(=O)C3=CC=CC=C3)C4=CC=C(Cl)C(Cl)=C4)CC1)C5=CC=CC=C5,COC1=C(OC)C=C2C(NCCN3CCOCC3)=NC(=NC2=C1)C4=CC=C(C=C4)N5CCN(C)CC5,1
NC1=NC(N)=C2N=C(CC(CC#C)C3=CC=C(C=C3)C(=O)N[C@@H](CCC(O)=O)C(O)=O)C=NC2=N1,CN1C=C(C=N1)C2=CC=C3N=CC4=C(N(C(=O)C=C4)C5=CC6=C(CCN6C(=O)C=C)C=C5)C3=C2,0
C\C(=N/NC(=S)N1CCC1)C2=NC=CC=C2,CN1C=C(C=N1)C2=CC=C3N=CC4=C(N(C(=O)C=C4)C5=CC6=C(CCN6C(=O)C=C)C=C5)C3=C2,1
CCOC(=O)N1CCN(CC1)[N+](\[O-])=N\OC2=CC=C(C=C2C#N)[N+]([O-])=O,CN1C=C(C=N1)C2=CC=C3N=CC4=C(N(C(=O)C=C4)C5=CC6=C(CCN6C(=O)C=C)C=C5)C3=C2,0
NC1=NC(N)=C2N=C(CC(CC#C)C3=CC=C(C=C3)C(=O)N[C@@H](CCC(O)=O)C(O)=O)C=NC2=N1,CCC1=C2N=C(C=C(NCC3=CC=C[N+]([O-])=C3)N2N=C1)N4CCCC[C@H]4CCO,1
CN1C=C(C=N1)C2=CC=C3N=CC4=C(N(C(=O)C=C4)C5=CC6=C(CCN6C(=O)C=C)C=C5)C3=C2,CCC1=C2N=C(C=C(NCC3=CC=C[N+]([O-])=C3)N2N=C1)N4CCCC[C@H]4CCO,1
O=C1C2=CC=CC=C2[N+]3=C1C4=C(C=C3)C5=CC=CC=C5N4,CCC1=C2N=C(C=C(NCC3=CC=C[N+]([O-])=C3)N2N=C1)N4CCCC[C@H]4CCO,1
C\C(=N/NC(=S)N1CCC1)C2=NC=CC=C2,CCC1=C2N=C(C=C(NCC3=CC=C[N+]([O-])=C3)N2N=C1)N4CCCC[C@H]4CCO,1
CCOC(=O)N1CCN(CC1)[N+](\[O-])=N\OC2=CC=C(C=C2C#N)[N+]([O-])=O,CCC1=C2N=C(C=C(NCC3=CC=C[N+]([O-])=C3)N2N=C1)N4CCCC[C@H]4CCO,1
NC1=NC(N)=C2N=C(CC(CC#C)C3=CC=C(C=C3)C(=O)N[C@@H](CCC(O)=O)C(O)=O)C=NC2=N1,CN1CCN(CC1)C2=CC=C(NC3=NC=C4C(=O)N(CC=C)N(C4=N3)C5=CC=CC(=N5)C(C)(C)O)C=C2,0
CC(C)C1=NN(C2=C1C(=O)NC(CC3=CC=C(OCCO)C=C3)=N2)C4=C(Cl)C=CC=C4Cl,CN1CCN(CC1)C2=CC=C(NC3=NC=C4C(=O)N(CC=C)N(C4=N3)C5=CC=CC(=N5)C(C)(C)O)C=C2,1
ClC1=CC=C(OCCCCCCN\C(NC2=CC=NC=C2)=N/C#N)C=C1,CN1CCN(CC1)C2=CC=C(NC3=NC=C4C(=O)N(CC=C)N(C4=N3)C5=CC=CC(=N5)C(C)(C)O)C=C2,1
O=C(CC1=CC=C(C=N1)C2=CC=C(OCCN3CCOCC3)C=C2)NCC4=CC=CC=C4,CN1CCN(CC1)C2=CC=C(NC3=NC=C4C(=O)N(CC=C)N(C4=N3)C5=CC=CC(=N5)C(C)(C)O)C=C2,1
CN1C=C(C=N1)C2=CC=C3N=CC4=C(N(C(=O)C=C4)C5=CC6=C(CCN6C(=O)C=C)C=C5)C3=C2,CN1CCN(CC1)C2=CC=C(NC3=NC=C4C(=O)N(CC=C)N(C4=N3)C5=CC=CC(=N5)C(C)(C)O)C=C2,1
CCC1=C2N=C(C=C(NCC3=CC=C[N+]([O-])=C3)N2N=C1)N4CCCC[C@H]4CCO,CN1CCN(CC1)C2=CC=C(NC3=NC=C4C(=O)N(CC=C)N(C4=N3)C5=CC=CC(=N5)C(C)(C)O)C=C2,1
O=C1C2=CC=CC=C2[N+]3=C1C4=C(C=C3)C5=CC=CC=C5N4,CN1CCN(CC1)C2=CC=C(NC3=NC=C4C(=O)N(CC=C)N(C4=N3)C5=CC=CC(=N5)C(C)(C)O)C=C2,1
COC[C@H](NC(=O)[C@H](COC)NC(=O)C1=CN=C(C)S1)C(=O)N[C@@H](CC2=CC=CC=C2)C(=O)[C@@]3(C)CO3,CN1CCN(CC1)C2=CC=C(NC3=NC=C4C(=O)N(CC=C)N(C4=N3)C5=CC=CC(=N5)C(C)(C)O)C=C2,1
CC1(C)OC2=C([C@H](NCC3=CC=CC=C3)[C@@H]1O)C(=O)C4=CC=CC=C4C2=O,CN1CCN(CC1)C2=CC=C(NC3=NC=C4C(=O)N(CC=C)N(C4=N3)C5=CC=CC(=N5)C(C)(C)O)C=C2,1
C\C(=N/NC(=S)N1CCC1)C2=NC=CC=C2,CN1CCN(CC1)C2=CC=C(NC3=NC=C4C(=O)N(CC=C)N(C4=N3)C5=CC=CC(=N5)C(C)(C)O)C=C2,1
COC1=CC=C(C=C1)[S+]([O-])(=O)N(C(C)=O)C2=C(\C=C\C3=CC=N(=O)C=C3)C=CC=C2,CN1CCN(CC1)C2=CC=C(NC3=NC=C4C(=O)N(CC=C)N(C4=N3)C5=CC=CC(=N5)C(C)(C)O)C=C2,1
FC(F)C1=NN(C(=C1)C2=CN=C(NC(=O)C3CC3)S2)C4=C(Cl)C=CC=C4Cl,CN1CCN(CC1)C2=CC=C(NC3=NC=C4C(=O)N(CC=C)N(C4=N3)C5=CC=CC(=N5)C(C)(C)O)C=C2,0
CC(C)C1=C2N=C(N[C@@H](CO)[C@H](O)CO)C=C(NCC3=CC=CC=C3)N2N=C1,CN1CCN(CC1)C2=CC=C(NC3=NC=C4C(=O)N(CC=C)N(C4=N3)C5=CC=CC(=N5)C(C)(C)O)C=C2,0
CC(C)(N)C1=CC=C(C=C1)C2=NC3=C(C=CC=C3)N=C2C4=CC=CC=C4,CN1CCN(CC1)C2=CC=C(NC3=NC=C4C(=O)N(CC=C)N(C4=N3)C5=CC=CC(=N5)C(C)(C)O)C=C2,1
CCOC(=O)N1CCN(CC1)[N+](\[O-])=N\OC2=CC=C(C=C2C#N)[N+]([O-])=O,CN1CCN(CC1)C2=CC=C(NC3=NC=C4C(=O)N(CC=C)N(C4=N3)C5=CC=CC(=N5)C(C)(C)O)C=C2,1
ClC1=CC=C(CCCOC2=NNC(=O)C(Br)=C2NCC3=CN=CC=C3)C=C1,CN1CCN(CC1)C2=CC=C(NC3=NC=C4C(=O)N(CC=C)N(C4=N3)C5=CC=CC(=N5)C(C)(C)O)C=C2,1
NC1=NC(N)=C2N=C(CC(CC#C)C3=CC=C(C=C3)C(=O)N[C@@H](CCC(O)=O)C(O)=O)C=NC2=N1,CC1=C(CCNCC2=CC=C(\C=C\C(=O)NO)C=C2)C3=CC=CC=C3N1,0
CC(C)C1=NN(C2=C1C(=O)NC(CC3=CC=C(OCCO)C=C3)=N2)C4=C(Cl)C=CC=C4Cl,CC1=C(CCNCC2=CC=C(\C=C\C(=O)NO)C=C2)C3=CC=CC=C3N1,1
ClC1=CC=C(OCCCCCCN\C(NC2=CC=NC=C2)=N/C#N)C=C1,CC1=C(CCNCC2=CC=C(\C=C\C(=O)NO)C=C2)C3=CC=CC=C3N1,1
O=C(CC1=CC=C(C=N1)C2=CC=C(OCCN3CCOCC3)C=C2)NCC4=CC=CC=C4,CC1=C(CCNCC2=CC=C(\C=C\C(=O)NO)C=C2)C3=CC=CC=C3N1,0
CN1C=C(C=N1)C2=CC=C3N=CC4=C(N(C(=O)C=C4)C5=CC6=C(CCN6C(=O)C=C)C=C5)C3=C2,CC1=C(CCNCC2=CC=C(\C=C\C(=O)NO)C=C2)C3=CC=CC=C3N1,1
CCC1=C2N=C(C=C(NCC3=CC=C[N+]([O-])=C3)N2N=C1)N4CCCC[C@H]4CCO,CC1=C(CCNCC2=CC=C(\C=C\C(=O)NO)C=C2)C3=CC=CC=C3N1,0
CN1CCN(CC1)C2=CC=C(NC3=NC=C4C(=O)N(CC=C)N(C4=N3)C5=CC=CC(=N5)C(C)(C)O)C=C2,CC1=C(CCNCC2=CC=C(\C=C\C(=O)NO)C=C2)C3=CC=CC=C3N1,1
O=C1C2=CC=CC=C2[N+]3=C1C4=C(C=C3)C5=CC=CC=C5N4,CC1=C(CCNCC2=CC=C(\C=C\C(=O)NO)C=C2)C3=CC=CC=C3N1,1
COC[C@H](NC(=O)[C@H](COC)NC(=O)C1=CN=C(C)S1)C(=O)N[C@@H](CC2=CC=CC=C2)C(=O)[C@@]3(C)CO3,CC1=C(CCNCC2=CC=C(\C=C\C(=O)NO)C=C2)C3=CC=CC=C3N1,1
CC1(C)OC2=C([C@H](NCC3=CC=CC=C3)[C@@H]1O)C(=O)C4=CC=CC=C4C2=O,CC1=C(CCNCC2=CC=C(\C=C\C(=O)NO)C=C2)C3=CC=CC=C3N1,1
C\C(=N/NC(=S)N1CCC1)C2=NC=CC=C2,CC1=C(CCNCC2=CC=C(\C=C\C(=O)NO)C=C2)C3=CC=CC=C3N1,1
COC1=CC=C(C=C1)[S+]([O-])(=O)N(C(C)=O)C2=C(\C=C\C3=CC=N(=O)C=C3)C=CC=C2,CC1=C(CCNCC2=CC=C(\C=C\C(=O)NO)C=C2)C3=CC=CC=C3N1,1
FC(F)C1=NN(C(=C1)C2=CN=C(NC(=O)C3CC3)S2)C4=C(Cl)C=CC=C4Cl,CC1=C(CCNCC2=CC=C(\C=C\C(=O)NO)C=C2)C3=CC=CC=C3N1,1
CC(C)C1=C2N=C(N[C@@H](CO)[C@H](O)CO)C=C(NCC3=CC=CC=C3)N2N=C1,CC1=C(CCNCC2=CC=C(\C=C\C(=O)NO)C=C2)C3=CC=CC=C3N1,1
CC(C)(N)C1=CC=C(C=C1)C2=NC3=C(C=CC=C3)N=C2C4=CC=CC=C4,CC1=C(CCNCC2=CC=C(\C=C\C(=O)NO)C=C2)C3=CC=CC=C3N1,1
CCOC(=O)N1CCN(CC1)[N+](\[O-])=N\OC2=CC=C(C=C2C#N)[N+]([O-])=O,CC1=C(CCNCC2=CC=C(\C=C\C(=O)NO)C=C2)C3=CC=CC=C3N1,1
ClC1=CC=C(CCCOC2=NNC(=O)C(Br)=C2NCC3=CN=CC=C3)C=C1,CC1=C(CCNCC2=CC=C(\C=C\C(=O)NO)C=C2)C3=CC=CC=C3N1,1
NC1=NC(N)=C2N=C(CC(CC#C)C3=CC=C(C=C3)C(=O)N[C@@H](CCC(O)=O)C(O)=O)C=NC2=N1,CC(C)C[C@H](NC(=O)[C@H](CCC1=CC=CC=C1)NC(=O)CN2CCOCC2)C(=O)N[C@@H](CC3=CC=CC=C3)C(=O)N[C@@H](CC(C)C)C(=O)[C@@]4(C)CO4,0
CC(C)C1=NN(C2=C1C(=O)NC(CC3=CC=C(OCCO)C=C3)=N2)C4=C(Cl)C=CC=C4Cl,CC(C)C[C@H](NC(=O)[C@H](CCC1=CC=CC=C1)NC(=O)CN2CCOCC2)C(=O)N[C@@H](CC3=CC=CC=C3)C(=O)N[C@@H](CC(C)C)C(=O)[C@@]4(C)CO4,1
ClC1=CC=C(OCCCCCCN\C(NC2=CC=NC=C2)=N/C#N)C=C1,CC(C)C[C@H](NC(=O)[C@H](CCC1=CC=CC=C1)NC(=O)CN2CCOCC2)C(=O)N[C@@H](CC3=CC=CC=C3)C(=O)N[C@@H](CC(C)C)C(=O)[C@@]4(C)CO4,1
O=C(CC1=CC=C(C=N1)C2=CC=C(OCCN3CCOCC3)C=C2)NCC4=CC=CC=C4,CC(C)C[C@H](NC(=O)[C@H](CCC1=CC=CC=C1)NC(=O)CN2CCOCC2)C(=O)N[C@@H](CC3=CC=CC=C3)C(=O)N[C@@H](CC(C)C)C(=O)[C@@]4(C)CO4,1
COC1=C(OC)C=C2C(NCCN3CCOCC3)=NC(=NC2=C1)C4=CC=C(C=C4)N5CCN(C)CC5,CC(C)C[C@H](NC(=O)[C@H](CCC1=CC=CC=C1)NC(=O)CN2CCOCC2)C(=O)N[C@@H](CC3=CC=CC=C3)C(=O)N[C@@H](CC(C)C)C(=O)[C@@]4(C)CO4,1
CN1C=C(C=N1)C2=CC=C3N=CC4=C(N(C(=O)C=C4)C5=CC6=C(CCN6C(=O)C=C)C=C5)C3=C2,CC(C)C[C@H](NC(=O)[C@H](CCC1=CC=CC=C1)NC(=O)CN2CCOCC2)C(=O)N[C@@H](CC3=CC=CC=C3)C(=O)N[C@@H](CC(C)C)C(=O)[C@@]4(C)CO4,1
CCC1=C2N=C(C=C(NCC3=CC=C[N+]([O-])=C3)N2N=C1)N4CCCC[C@H]4CCO,CC(C)C[C@H](NC(=O)[C@H](CCC1=CC=CC=C1)NC(=O)CN2CCOCC2)C(=O)N[C@@H](CC3=CC=CC=C3)C(=O)N[C@@H](CC(C)C)C(=O)[C@@]4(C)CO4,1
CN1CCN(CC1)C2=CC=C(NC3=NC=C4C(=O)N(CC=C)N(C4=N3)C5=CC=CC(=N5)C(C)(C)O)C=C2,CC(C)C[C@H](NC(=O)[C@H](CCC1=CC=CC=C1)NC(=O)CN2CCOCC2)C(=O)N[C@@H](CC3=CC=CC=C3)C(=O)N[C@@H](CC(C)C)C(=O)[C@@]4(C)CO4,1
CC1=C(CCNCC2=CC=C(\C=C\C(=O)NO)C=C2)C3=CC=CC=C3N1,CC(C)C[C@H](NC(=O)[C@H](CCC1=CC=CC=C1)NC(=O)CN2CCOCC2)C(=O)N[C@@H](CC3=CC=CC=C3)C(=O)N[C@@H](CC(C)C)C(=O)[C@@]4(C)CO4,1
O=C1C2=CC=CC=C2[N+]3=C1C4=C(C=C3)C5=CC=CC=C5N4,CC(C)C[C@H](NC(=O)[C@H](CCC1=CC=CC=C1)NC(=O)CN2CCOCC2)C(=O)N[C@@H](CC3=CC=CC=C3)C(=O)N[C@@H](CC(C)C)C(=O)[C@@]4(C)CO4,1
COC[C@H](NC(=O)[C@H](COC)NC(=O)C1=CN=C(C)S1)C(=O)N[C@@H](CC2=CC=CC=C2)C(=O)[C@@]3(C)CO3,CC(C)C[C@H](NC(=O)[C@H](CCC1=CC=CC=C1)NC(=O)CN2CCOCC2)C(=O)N[C@@H](CC3=CC=CC=C3)C(=O)N[C@@H](CC(C)C)C(=O)[C@@]4(C)CO4,1
CC1(C)OC2=C([C@H](NCC3=CC=CC=C3)[C@@H]1O)C(=O)C4=CC=CC=C4C2=O,CC(C)C[C@H](NC(=O)[C@H](CCC1=CC=CC=C1)NC(=O)CN2CCOCC2)C(=O)N[C@@H](CC3=CC=CC=C3)C(=O)N[C@@H](CC(C)C)C(=O)[C@@]4(C)CO4,1
C\C(=N/NC(=S)N1CCC1)C2=NC=CC=C2,CC(C)C[C@H](NC(=O)[C@H](CCC1=CC=CC=C1)NC(=O)CN2CCOCC2)C(=O)N[C@@H](CC3=CC=CC=C3)C(=O)N[C@@H](CC(C)C)C(=O)[C@@]4(C)CO4,1
COC1=CC=C(C=C1)[S+]([O-])(=O)N(C(C)=O)C2=C(\C=C\C3=CC=N(=O)C=C3)C=CC=C2,CC(C)C[C@H](NC(=O)[C@H](CCC1=CC=CC=C1)NC(=O)CN2CCOCC2)C(=O)N[C@@H](CC3=CC=CC=C3)C(=O)N[C@@H](CC(C)C)C(=O)[C@@]4(C)CO4,1
FC(F)C1=NN(C(=C1)C2=CN=C(NC(=O)C3CC3)S2)C4=C(Cl)C=CC=C4Cl,CC(C)C[C@H](NC(=O)[C@H](CCC1=CC=CC=C1)NC(=O)CN2CCOCC2)C(=O)N[C@@H](CC3=CC=CC=C3)C(=O)N[C@@H](CC(C)C)C(=O)[C@@]4(C)CO4,1
CC(C)C1=C2N=C(N[C@@H](CO)[C@H](O)CO)C=C(NCC3=CC=CC=C3)N2N=C1,CC(C)C[C@H](NC(=O)[C@H](CCC1=CC=CC=C1)NC(=O)CN2CCOCC2)C(=O)N[C@@H](CC3=CC=CC=C3)C(=O)N[C@@H](CC(C)C)C(=O)[C@@]4(C)CO4,1
CC(C)(N)C1=CC=C(C=C1)C2=NC3=C(C=CC=C3)N=C2C4=CC=CC=C4,CC(C)C[C@H](NC(=O)[C@H](CCC1=CC=CC=C1)NC(=O)CN2CCOCC2)C(=O)N[C@@H](CC3=CC=CC=C3)C(=O)N[C@@H](CC(C)C)C(=O)[C@@]4(C)CO4,1
CC[C@H]1N(C(C)C)C2=NC(NC3=CC=C(C=C3OC)C(=O)NC4CCC(CC4)N5CCN(CC6CC6)CC5)=NC=C2N(C)C1=O,CC(C)C[C@H](NC(=O)[C@H](CCC1=CC=CC=C1)NC(=O)CN2CCOCC2)C(=O)N[C@@H](CC3=CC=CC=C3)C(=O)N[C@@H](CC(C)C)C(=O)[C@@]4(C)CO4,1
CCOC(=O)N1CCN(CC1)[N+](\[O-])=N\OC2=CC=C(C=C2C#N)[N+]([O-])=O,CC(C)C[C@H](NC(=O)[C@H](CCC1=CC=CC=C1)NC(=O)CN2CCOCC2)C(=O)N[C@@H](CC3=CC=CC=C3)C(=O)N[C@@H](CC(C)C)C(=O)[C@@]4(C)CO4,1
CC[C@H]1N(C2CCCC2)C3=NC(NC4=CC=C(C=C4OC)C(=O)NC5CCN(C)CC5)=NC=C3N(C)C1=O,CC(C)C[C@H](NC(=O)[C@H](CCC1=CC=CC=C1)NC(=O)CN2CCOCC2)C(=O)N[C@@H](CC3=CC=CC=C3)C(=O)N[C@@H](CC(C)C)C(=O)[C@@]4(C)CO4,1
ClC1=CC=C(CCCOC2=NNC(=O)C(Br)=C2NCC3=CN=CC=C3)C=C1,CC(C)C[C@H](NC(=O)[C@H](CCC1=CC=CC=C1)NC(=O)CN2CCOCC2)C(=O)N[C@@H](CC3=CC=CC=C3)C(=O)N[C@@H](CC(C)C)C(=O)[C@@]4(C)CO4,1
C[C@@H](OC1=C(SC(=C1)N2C=NC3=C2C=C(CN4CCN(C)CC4)C=C3)C(N)=O)C5=CC=CC=C5C(F)(F)F,CC(C)C[C@H](NC(=O)[C@H](CCC1=CC=CC=C1)NC(=O)CN2CCOCC2)C(=O)N[C@@H](CC3=CC=CC=C3)C(=O)N[C@@H](CC(C)C)C(=O)[C@@]4(C)CO4,1
CN(C(C)=O)C1(CCN(CCC[C@@]2(CCCN(C2)C(=O)C3=CC=CC=C3)C4=CC=C(Cl)C(Cl)=C4)CC1)C5=CC=CC=C5,CC(C)C[C@H](NC(=O)[C@H](CCC1=CC=CC=C1)NC(=O)CN2CCOCC2)C(=O)N[C@@H](CC3=CC=CC=C3)C(=O)N[C@@H](CC(C)C)C(=O)[C@@]4(C)CO4,1
NC1=NC(N)=C2N=C(CC(CC#C)C3=CC=C(C=C3)C(=O)N[C@@H](CCC(O)=O)C(O)=O)C=NC2=N1,O=C1C2=CC=CC=C2[N+]3=C1C4=C(C=C3)C5=CC=CC=C5N4,0
CN1C=C(C=N1)C2=CC=C3N=CC4=C(N(C(=O)C=C4)C5=CC6=C(CCN6C(=O)C=C)C=C5)C3=C2,O=C1C2=CC=CC=C2[N+]3=C1C4=C(C=C3)C5=CC=CC=C5N4,0
C\C(=N/NC(=S)N1CCC1)C2=NC=CC=C2,O=C1C2=CC=CC=C2[N+]3=C1C4=C(C=C3)C5=CC=CC=C5N4,1
CCOC(=O)N1CCN(CC1)[N+](\[O-])=N\OC2=CC=C(C=C2C#N)[N+]([O-])=O,O=C1C2=CC=CC=C2[N+]3=C1C4=C(C=C3)C5=CC=CC=C5N4,0
NC1=NC(N)=C2N=C(CC(CC#C)C3=CC=C(C=C3)C(=O)N[C@@H](CCC(O)=O)C(O)=O)C=NC2=N1,COC[C@H](NC(=O)[C@H](COC)NC(=O)C1=CN=C(C)S1)C(=O)N[C@@H](CC2=CC=CC=C2)C(=O)[C@@]3(C)CO3,0
CC(C)C1=NN(C2=C1C(=O)NC(CC3=CC=C(OCCO)C=C3)=N2)C4=C(Cl)C=CC=C4Cl,COC[C@H](NC(=O)[C@H](COC)NC(=O)C1=CN=C(C)S1)C(=O)N[C@@H](CC2=CC=CC=C2)C(=O)[C@@]3(C)CO3,1
O=C(CC1=CC=C(C=N1)C2=CC=C(OCCN3CCOCC3)C=C2)NCC4=CC=CC=C4,COC[C@H](NC(=O)[C@H](COC)NC(=O)C1=CN=C(C)S1)C(=O)N[C@@H](CC2=CC=CC=C2)C(=O)[C@@]3(C)CO3,1
CN1C=C(C=N1)C2=CC=C3N=CC4=C(N(C(=O)C=C4)C5=CC6=C(CCN6C(=O)C=C)C=C5)C3=C2,COC[C@H](NC(=O)[C@H](COC)NC(=O)C1=CN=C(C)S1)C(=O)N[C@@H](CC2=CC=CC=C2)C(=O)[C@@]3(C)CO3,1
CCC1=C2N=C(C=C(NCC3=CC=C[N+]([O-])=C3)N2N=C1)N4CCCC[C@H]4CCO,COC[C@H](NC(=O)[C@H](COC)NC(=O)C1=CN=C(C)S1)C(=O)N[C@@H](CC2=CC=CC=C2)C(=O)[C@@]3(C)CO3,1
O=C1C2=CC=CC=C2[N+]3=C1C4=C(C=C3)C5=CC=CC=C5N4,COC[C@H](NC(=O)[C@H](COC)NC(=O)C1=CN=C(C)S1)C(=O)N[C@@H](CC2=CC=CC=C2)C(=O)[C@@]3(C)CO3,1
C\C(=N/NC(=S)N1CCC1)C2=NC=CC=C2,COC[C@H](NC(=O)[C@H](COC)NC(=O)C1=CN=C(C)S1)C(=O)N[C@@H](CC2=CC=CC=C2)C(=O)[C@@]3(C)CO3,1
COC1=CC=C(C=C1)[S+]([O-])(=O)N(C(C)=O)C2=C(\C=C\C3=CC=N(=O)C=C3)C=CC=C2,COC[C@H](NC(=O)[C@H](COC)NC(=O)C1=CN=C(C)S1)C(=O)N[C@@H](CC2=CC=CC=C2)C(=O)[C@@]3(C)CO3,0
FC(F)C1=NN(C(=C1)C2=CN=C(NC(=O)C3CC3)S2)C4=C(Cl)C=CC=C4Cl,COC[C@H](NC(=O)[C@H](COC)NC(=O)C1=CN=C(C)S1)C(=O)N[C@@H](CC2=CC=CC=C2)C(=O)[C@@]3(C)CO3,1
CC(C)C1=C2N=C(N[C@@H](CO)[C@H](O)CO)C=C(NCC3=CC=CC=C3)N2N=C1,COC[C@H](NC(=O)[C@H](COC)NC(=O)C1=CN=C(C)S1)C(=O)N[C@@H](CC2=CC=CC=C2)C(=O)[C@@]3(C)CO3,0
CC(C)(N)C1=CC=C(C=C1)C2=NC3=C(C=CC=C3)N=C2C4=CC=CC=C4,COC[C@H](NC(=O)[C@H](COC)NC(=O)C1=CN=C(C)S1)C(=O)N[C@@H](CC2=CC=CC=C2)C(=O)[C@@]3(C)CO3,1
CCOC(=O)N1CCN(CC1)[N+](\[O-])=N\OC2=CC=C(C=C2C#N)[N+]([O-])=O,COC[C@H](NC(=O)[C@H](COC)NC(=O)C1=CN=C(C)S1)C(=O)N[C@@H](CC2=CC=CC=C2)C(=O)[C@@]3(C)CO3,1
ClC1=CC=C(CCCOC2=NNC(=O)C(Br)=C2NCC3=CN=CC=C3)C=C1,COC[C@H](NC(=O)[C@H](COC)NC(=O)C1=CN=C(C)S1)C(=O)N[C@@H](CC2=CC=CC=C2)C(=O)[C@@]3(C)CO3,0
NC1=NC(N)=C2N=C(CC(CC#C)C3=CC=C(C=C3)C(=O)N[C@@H](CCC(O)=O)C(O)=O)C=NC2=N1,CC1(C)OC2=C([C@H](NCC3=CC=CC=C3)[C@@H]1O)C(=O)C4=CC=CC=C4C2=O,0
CC(C)C1=NN(C2=C1C(=O)NC(CC3=CC=C(OCCO)C=C3)=N2)C4=C(Cl)C=CC=C4Cl,CC1(C)OC2=C([C@H](NCC3=CC=CC=C3)[C@@H]1O)C(=O)C4=CC=CC=C4C2=O,1
ClC1=CC=C(OCCCCCCN\C(NC2=CC=NC=C2)=N/C#N)C=C1,CC1(C)OC2=C([C@H](NCC3=CC=CC=C3)[C@@H]1O)C(=O)C4=CC=CC=C4C2=O,1
O=C(CC1=CC=C(C=N1)C2=CC=C(OCCN3CCOCC3)C=C2)NCC4=CC=CC=C4,CC1(C)OC2=C([C@H](NCC3=CC=CC=C3)[C@@H]1O)C(=O)C4=CC=CC=C4C2=O,1
CN1C=C(C=N1)C2=CC=C3N=CC4=C(N(C(=O)C=C4)C5=CC6=C(CCN6C(=O)C=C)C=C5)C3=C2,CC1(C)OC2=C([C@H](NCC3=CC=CC=C3)[C@@H]1O)C(=O)C4=CC=CC=C4C2=O,0
CCC1=C2N=C(C=C(NCC3=CC=C[N+]([O-])=C3)N2N=C1)N4CCCC[C@H]4CCO,CC1(C)OC2=C([C@H](NCC3=CC=CC=C3)[C@@H]1O)C(=O)C4=CC=CC=C4C2=O,1
O=C1C2=CC=CC=C2[N+]3=C1C4=C(C=C3)C5=CC=CC=C5N4,CC1(C)OC2=C([C@H](NCC3=CC=CC=C3)[C@@H]1O)C(=O)C4=CC=CC=C4C2=O,1
COC[C@H](NC(=O)[C@H](COC)NC(=O)C1=CN=C(C)S1)C(=O)N[C@@H](CC2=CC=CC=C2)C(=O)[C@@]3(C)CO3,CC1(C)OC2=C([C@H](NCC3=CC=CC=C3)[C@@H]1O)C(=O)C4=CC=CC=C4C2=O,1
C\C(=N/NC(=S)N1CCC1)C2=NC=CC=C2,CC1(C)OC2=C([C@H](NCC3=CC=CC=C3)[C@@H]1O)C(=O)C4=CC=CC=C4C2=O,1
COC1=CC=C(C=C1)[S+]([O-])(=O)N(C(C)=O)C2=C(\C=C\C3=CC=N(=O)C=C3)C=CC=C2,CC1(C)OC2=C([C@H](NCC3=CC=CC=C3)[C@@H]1O)C(=O)C4=CC=CC=C4C2=O,0
FC(F)C1=NN(C(=C1)C2=CN=C(NC(=O)C3CC3)S2)C4=C(Cl)C=CC=C4Cl,CC1(C)OC2=C([C@H](NCC3=CC=CC=C3)[C@@H]1O)C(=O)C4=CC=CC=C4C2=O,0
CC(C)C1=C2N=C(N[C@@H](CO)[C@H](O)CO)C=C(NCC3=CC=CC=C3)N2N=C1,CC1(C)OC2=C([C@H](NCC3=CC=CC=C3)[C@@H]1O)C(=O)C4=CC=CC=C4C2=O,0
CC(C)(N)C1=CC=C(C=C1)C2=NC3=C(C=CC=C3)N=C2C4=CC=CC=C4,CC1(C)OC2=C([C@H](NCC3=CC=CC=C3)[C@@H]1O)C(=O)C4=CC=CC=C4C2=O,1
CCOC(=O)N1CCN(CC1)[N+](\[O-])=N\OC2=CC=C(C=C2C#N)[N+]([O-])=O,CC1(C)OC2=C([C@H](NCC3=CC=CC=C3)[C@@H]1O)C(=O)C4=CC=CC=C4C2=O,1
ClC1=CC=C(CCCOC2=NNC(=O)C(Br)=C2NCC3=CN=CC=C3)C=C1,CC1(C)OC2=C([C@H](NCC3=CC=CC=C3)[C@@H]1O)C(=O)C4=CC=CC=C4C2=O,1
NC1=NC(N)=C2N=C(CC(CC#C)C3=CC=C(C=C3)C(=O)N[C@@H](CCC(O)=O)C(O)=O)C=NC2=N1,COC1=CC2=C(C=C1OC)N(C=N2)C3=CC(OCC4=C(C=CC=C4)C(F)(F)F)=C(S3)C(N)=O,0
CC(C)C1=NN(C2=C1C(=O)NC(CC3=CC=C(OCCO)C=C3)=N2)C4=C(Cl)C=CC=C4Cl,COC1=CC2=C(C=C1OC)N(C=N2)C3=CC(OCC4=C(C=CC=C4)C(F)(F)F)=C(S3)C(N)=O,1
ClC1=CC=C(OCCCCCCN\C(NC2=CC=NC=C2)=N/C#N)C=C1,COC1=CC2=C(C=C1OC)N(C=N2)C3=CC(OCC4=C(C=CC=C4)C(F)(F)F)=C(S3)C(N)=O,1
O=C(CC1=CC=C(C=N1)C2=CC=C(OCCN3CCOCC3)C=C2)NCC4=CC=CC=C4,COC1=CC2=C(C=C1OC)N(C=N2)C3=CC(OCC4=C(C=CC=C4)C(F)(F)F)=C(S3)C(N)=O,0
CC(C)C[C@H](NC(=O)[C@H](CC1=CC=CC=C1)NC(=O)C2=NC=CN=C2)B(O)O,COC1=CC2=C(C=C1OC)N(C=N2)C3=CC(OCC4=C(C=CC=C4)C(F)(F)F)=C(S3)C(N)=O,1
COCCN1C(C)=[N+](CC2=NC=CN=C2)C3=C1C(=O)C4=CC=CC=C4C3=O,COC1=CC2=C(C=C1OC)N(C=N2)C3=CC(OCC4=C(C=CC=C4)C(F)(F)F)=C(S3)C(N)=O,1
COC1=C(OC)C=C2C(NCCN3CCOCC3)=NC(=NC2=C1)C4=CC=C(C=C4)N5CCN(C)CC5,COC1=CC2=C(C=C1OC)N(C=N2)C3=CC(OCC4=C(C=CC=C4)C(F)(F)F)=C(S3)C(N)=O,0
CN1C=C(C=N1)C2=CC=C3N=CC4=C(N(C(=O)C=C4)C5=CC6=C(CCN6C(=O)C=C)C=C5)C3=C2,COC1=CC2=C(C=C1OC)N(C=N2)C3=CC(OCC4=C(C=CC=C4)C(F)(F)F)=C(S3)C(N)=O,0
CCC1=C2N=C(C=C(NCC3=CC=C[N+]([O-])=C3)N2N=C1)N4CCCC[C@H]4CCO,COC1=CC2=C(C=C1OC)N(C=N2)C3=CC(OCC4=C(C=CC=C4)C(F)(F)F)=C(S3)C(N)=O,1
CN1CCN(CC1)C2=CC=C(NC3=NC=C4C(=O)N(CC=C)N(C4=N3)C5=CC=CC(=N5)C(C)(C)O)C=C2,COC1=CC2=C(C=C1OC)N(C=N2)C3=CC(OCC4=C(C=CC=C4)C(F)(F)F)=C(S3)C(N)=O,0
CC1=C(CCNCC2=CC=C(\C=C\C(=O)NO)C=C2)C3=CC=CC=C3N1,COC1=CC2=C(C=C1OC)N(C=N2)C3=CC(OCC4=C(C=CC=C4)C(F)(F)F)=C(S3)C(N)=O,1
CC(C)C[C@H](NC(=O)[C@H](CCC1=CC=CC=C1)NC(=O)CN2CCOCC2)C(=O)N[C@@H](CC3=CC=CC=C3)C(=O)N[C@@H](CC(C)C)C(=O)[C@@]4(C)CO4,COC1=CC2=C(C=C1OC)N(C=N2)C3=CC(OCC4=C(C=CC=C4)C(F)(F)F)=C(S3)C(N)=O,1
O=C1C2=CC=CC=C2[N+]3=C1C4=C(C=C3)C5=CC=CC=C5N4,COC1=CC2=C(C=C1OC)N(C=N2)C3=CC(OCC4=C(C=CC=C4)C(F)(F)F)=C(S3)C(N)=O,0
COC[C@H](NC(=O)[C@H](COC)NC(=O)C1=CN=C(C)S1)C(=O)N[C@@H](CC2=CC=CC=C2)C(=O)[C@@]3(C)CO3,COC1=CC2=C(C=C1OC)N(C=N2)C3=CC(OCC4=C(C=CC=C4)C(F)(F)F)=C(S3)C(N)=O,1
CC1(C)OC2=C([C@H](NCC3=CC=CC=C3)[C@@H]1O)C(=O)C4=CC=CC=C4C2=O,COC1=CC2=C(C=C1OC)N(C=N2)C3=CC(OCC4=C(C=CC=C4)C(F)(F)F)=C(S3)C(N)=O,1
C\C(=N/NC(=S)N1CCC1)C2=NC=CC=C2,COC1=CC2=C(C=C1OC)N(C=N2)C3=CC(OCC4=C(C=CC=C4)C(F)(F)F)=C(S3)C(N)=O,1
COC1=CC=C(C=C1)[S+]([O-])(=O)N(C(C)=O)C2=C(\C=C\C3=CC=N(=O)C=C3)C=CC=C2,COC1=CC2=C(C=C1OC)N(C=N2)C3=CC(OCC4=C(C=CC=C4)C(F)(F)F)=C(S3)C(N)=O,0
FC(F)C1=NN(C(=C1)C2=CN=C(NC(=O)C3CC3)S2)C4=C(Cl)C=CC=C4Cl,COC1=CC2=C(C=C1OC)N(C=N2)C3=CC(OCC4=C(C=CC=C4)C(F)(F)F)=C(S3)C(N)=O,0
CC(C)C1=C2N=C(N[C@@H](CO)[C@H](O)CO)C=C(NCC3=CC=CC=C3)N2N=C1,COC1=CC2=C(C=C1OC)N(C=N2)C3=CC(OCC4=C(C=CC=C4)C(F)(F)F)=C(S3)C(N)=O,0
CC(C)(N)C1=CC=C(C=C1)C2=NC3=C(C=CC=C3)N=C2C4=CC=CC=C4,COC1=CC2=C(C=C1OC)N(C=N2)C3=CC(OCC4=C(C=CC=C4)C(F)(F)F)=C(S3)C(N)=O,0
CC[C@H]1N(C(C)C)C2=NC(NC3=CC=C(C=C3OC)C(=O)NC4CCC(CC4)N5CCN(CC6CC6)CC5)=NC=C2N(C)C1=O,COC1=CC2=C(C=C1OC)N(C=N2)C3=CC(OCC4=C(C=CC=C4)C(F)(F)F)=C(S3)C(N)=O,0
CCOC(=O)N1CCN(CC1)[N+](\[O-])=N\OC2=CC=C(C=C2C#N)[N+]([O-])=O,COC1=CC2=C(C=C1OC)N(C=N2)C3=CC(OCC4=C(C=CC=C4)C(F)(F)F)=C(S3)C(N)=O,0
CC[C@H]1N(C2CCCC2)C3=NC(NC4=CC=C(C=C4OC)C(=O)NC5CCN(C)CC5)=NC=C3N(C)C1=O,COC1=CC2=C(C=C1OC)N(C=N2)C3=CC(OCC4=C(C=CC=C4)C(F)(F)F)=C(S3)C(N)=O,0
ClC1=CC=C(CCCOC2=NNC(=O)C(Br)=C2NCC3=CN=CC=C3)C=C1,COC1=CC2=C(C=C1OC)N(C=N2)C3=CC(OCC4=C(C=CC=C4)C(F)(F)F)=C(S3)C(N)=O,1
C[C@@H](OC1=C(SC(=C1)N2C=NC3=C2C=C(CN4CCN(C)CC4)C=C3)C(N)=O)C5=CC=CC=C5C(F)(F)F,COC1=CC2=C(C=C1OC)N(C=N2)C3=CC(OCC4=C(C=CC=C4)C(F)(F)F)=C(S3)C(N)=O,0
CN(C(C)=O)C1(CCN(CCC[C@@]2(CCCN(C2)C(=O)C3=CC=CC=C3)C4=CC=C(Cl)C(Cl)=C4)CC1)C5=CC=CC=C5,COC1=CC2=C(C=C1OC)N(C=N2)C3=CC(OCC4=C(C=CC=C4)C(F)(F)F)=C(S3)C(N)=O,0
NC1=NC(N)=C2N=C(CC(CC#C)C3=CC=C(C=C3)C(=O)N[C@@H](CCC(O)=O)C(O)=O)C=NC2=N1,C\C(=N/NC(=S)N1CCC1)C2=NC=CC=C2,0
NC1=NC(N)=C2N=C(CC(CC#C)C3=CC=C(C=C3)C(=O)N[C@@H](CCC(O)=O)C(O)=O)C=NC2=N1,COC1=CC=C(C=C1)[S+]([O-])(=O)N(C(C)=O)C2=C(\C=C\C3=CC=N(=O)C=C3)C=CC=C2,0
O=C(CC1=CC=C(C=N1)C2=CC=C(OCCN3CCOCC3)C=C2)NCC4=CC=CC=C4,COC1=CC=C(C=C1)[S+]([O-])(=O)N(C(C)=O)C2=C(\C=C\C3=CC=N(=O)C=C3)C=CC=C2,0
CN1C=C(C=N1)C2=CC=C3N=CC4=C(N(C(=O)C=C4)C5=CC6=C(CCN6C(=O)C=C)C=C5)C3=C2,COC1=CC=C(C=C1)[S+]([O-])(=O)N(C(C)=O)C2=C(\C=C\C3=CC=N(=O)C=C3)C=CC=C2,0
CCC1=C2N=C(C=C(NCC3=CC=C[N+]([O-])=C3)N2N=C1)N4CCCC[C@H]4CCO,COC1=CC=C(C=C1)[S+]([O-])(=O)N(C(C)=O)C2=C(\C=C\C3=CC=N(=O)C=C3)C=CC=C2,0
O=C1C2=CC=CC=C2[N+]3=C1C4=C(C=C3)C5=CC=CC=C5N4,COC1=CC=C(C=C1)[S+]([O-])(=O)N(C(C)=O)C2=C(\C=C\C3=CC=N(=O)C=C3)C=CC=C2,1
C\C(=N/NC(=S)N1CCC1)C2=NC=CC=C2,COC1=CC=C(C=C1)[S+]([O-])(=O)N(C(C)=O)C2=C(\C=C\C3=CC=N(=O)C=C3)C=CC=C2,1
CCOC(=O)N1CCN(CC1)[N+](\[O-])=N\OC2=CC=C(C=C2C#N)[N+]([O-])=O,COC1=CC=C(C=C1)[S+]([O-])(=O)N(C(C)=O)C2=C(\C=C\C3=CC=N(=O)C=C3)C=CC=C2,1
NC1=NC(N)=C2N=C(CC(CC#C)C3=CC=C(C=C3)C(=O)N[C@@H](CCC(O)=O)C(O)=O)C=NC2=N1,FC(F)C1=NN(C(=C1)C2=CN=C(NC(=O)C3CC3)S2)C4=C(Cl)C=CC=C4Cl,0
O=C(CC1=CC=C(C=N1)C2=CC=C(OCCN3CCOCC3)C=C2)NCC4=CC=CC=C4,FC(F)C1=NN(C(=C1)C2=CN=C(NC(=O)C3CC3)S2)C4=C(Cl)C=CC=C4Cl,1
CN1C=C(C=N1)C2=CC=C3N=CC4=C(N(C(=O)C=C4)C5=CC6=C(CCN6C(=O)C=C)C=C5)C3=C2,FC(F)C1=NN(C(=C1)C2=CN=C(NC(=O)C3CC3)S2)C4=C(Cl)C=CC=C4Cl,1
CCC1=C2N=C(C=C(NCC3=CC=C[N+]([O-])=C3)N2N=C1)N4CCCC[C@H]4CCO,FC(F)C1=NN(C(=C1)C2=CN=C(NC(=O)C3CC3)S2)C4=C(Cl)C=CC=C4Cl,1
O=C1C2=CC=CC=C2[N+]3=C1C4=C(C=C3)C5=CC=CC=C5N4,FC(F)C1=NN(C(=C1)C2=CN=C(NC(=O)C3CC3)S2)C4=C(Cl)C=CC=C4Cl,1
C\C(=N/NC(=S)N1CCC1)C2=NC=CC=C2,FC(F)C1=NN(C(=C1)C2=CN=C(NC(=O)C3CC3)S2)C4=C(Cl)C=CC=C4Cl,1
COC1=CC=C(C=C1)[S+]([O-])(=O)N(C(C)=O)C2=C(\C=C\C3=CC=N(=O)C=C3)C=CC=C2,FC(F)C1=NN(C(=C1)C2=CN=C(NC(=O)C3CC3)S2)C4=C(Cl)C=CC=C4Cl,0
CC(C)C1=C2N=C(N[C@@H](CO)[C@H](O)CO)C=C(NCC3=CC=CC=C3)N2N=C1,FC(F)C1=NN(C(=C1)C2=CN=C(NC(=O)C3CC3)S2)C4=C(Cl)C=CC=C4Cl,0
CCOC(=O)N1CCN(CC1)[N+](\[O-])=N\OC2=CC=C(C=C2C#N)[N+]([O-])=O,FC(F)C1=NN(C(=C1)C2=CN=C(NC(=O)C3CC3)S2)C4=C(Cl)C=CC=C4Cl,0
ClC1=CC=C(CCCOC2=NNC(=O)C(Br)=C2NCC3=CN=CC=C3)C=C1,FC(F)C1=NN(C(=C1)C2=CN=C(NC(=O)C3CC3)S2)C4=C(Cl)C=CC=C4Cl,0
O=C(NCCCCC1CCN(CC1)C(=O)C2=CC=CC=C2)\C=C\C3=CN=CC=C3,NC1=NC2=NC=C(CNC3=CC=C(C=C3)C(=O)NC(CCC(O)=O)C(O)=O)N=C2C(N)=N1,0
NC1=NC(N)=C2N=C(CC(CC#C)C3=CC=C(C=C3)C(=O)N[C@@H](CCC(O)=O)C(O)=O)C=NC2=N1,NC1=NC2=NC=C(CNC3=CC=C(C=C3)C(=O)NC(CCC(O)=O)C(O)=O)N=C2C(N)=N1,1
CC(C)C1=NN(C2=C1C(=O)NC(CC3=CC=C(OCCO)C=C3)=N2)C4=C(Cl)C=CC=C4Cl,NC1=NC2=NC=C(CNC3=CC=C(C=C3)C(=O)NC(CCC(O)=O)C(O)=O)N=C2C(N)=N1,1
ClC1=CC=C(OCCCCCCN\C(NC2=CC=NC=C2)=N/C#N)C=C1,NC1=NC2=NC=C(CNC3=CC=C(C=C3)C(=O)NC(CCC(O)=O)C(O)=O)N=C2C(N)=N1,0
O=C(CC1=CC=C(C=N1)C2=CC=C(OCCN3CCOCC3)C=C2)NCC4=CC=CC=C4,NC1=NC2=NC=C(CNC3=CC=C(C=C3)C(=O)NC(CCC(O)=O)C(O)=O)N=C2C(N)=N1,0
CC(C)C[C@H](NC(=O)[C@H](CC1=CC=CC=C1)NC(=O)C2=NC=CN=C2)B(O)O,NC1=NC2=NC=C(CNC3=CC=C(C=C3)C(=O)NC(CCC(O)=O)C(O)=O)N=C2C(N)=N1,0
COCCN1C(C)=[N+](CC2=NC=CN=C2)C3=C1C(=O)C4=CC=CC=C4C3=O,NC1=NC2=NC=C(CNC3=CC=C(C=C3)C(=O)NC(CCC(O)=O)C(O)=O)N=C2C(N)=N1,0
CN(CC1=CN=C2N=C(N)N=C(N)C2=N1)C3=CC=C(C=C3)C(=O)N[C@@H](CCC(O)=O)C(O)=O,NC1=NC2=NC=C(CNC3=CC=C(C=C3)C(=O)NC(CCC(O)=O)C(O)=O)N=C2C(N)=N1,1
COC1=C(OC)C=C2C(NCCN3CCOCC3)=NC(=NC2=C1)C4=CC=C(C=C4)N5CCN(C)CC5,NC1=NC2=NC=C(CNC3=CC=C(C=C3)C(=O)NC(CCC(O)=O)C(O)=O)N=C2C(N)=N1,0
CN1C=C(C=N1)C2=CC=C3N=CC4=C(N(C(=O)C=C4)C5=CC6=C(CCN6C(=O)C=C)C=C5)C3=C2,NC1=NC2=NC=C(CNC3=CC=C(C=C3)C(=O)NC(CCC(O)=O)C(O)=O)N=C2C(N)=N1,0
CCC1=C2N=C(C=C(NCC3=CC=C[N+]([O-])=C3)N2N=C1)N4CCCC[C@H]4CCO,NC1=NC2=NC=C(CNC3=CC=C(C=C3)C(=O)NC(CCC(O)=O)C(O)=O)N=C2C(N)=N1,0
CN1CCN(CC1)C2=CC=C(NC3=NC=C4C(=O)N(CC=C)N(C4=N3)C5=CC=CC(=N5)C(C)(C)O)C=C2,NC1=NC2=NC=C(CNC3=CC=C(C=C3)C(=O)NC(CCC(O)=O)C(O)=O)N=C2C(N)=N1,0
CC1=C(CCNCC2=CC=C(\C=C\C(=O)NO)C=C2)C3=CC=CC=C3N1,NC1=NC2=NC=C(CNC3=CC=C(C=C3)C(=O)NC(CCC(O)=O)C(O)=O)N=C2C(N)=N1,0
CC(C)C[C@H](NC(=O)[C@H](CCC1=CC=CC=C1)NC(=O)CN2CCOCC2)C(=O)N[C@@H](CC3=CC=CC=C3)C(=O)N[C@@H](CC(C)C)C(=O)[C@@]4(C)CO4,NC1=NC2=NC=C(CNC3=CC=C(C=C3)C(=O)NC(CCC(O)=O)C(O)=O)N=C2C(N)=N1,1
O=C1C2=CC=CC=C2[N+]3=C1C4=C(C=C3)C5=CC=CC=C5N4,NC1=NC2=NC=C(CNC3=CC=C(C=C3)C(=O)NC(CCC(O)=O)C(O)=O)N=C2C(N)=N1,0
COC[C@H](NC(=O)[C@H](COC)NC(=O)C1=CN=C(C)S1)C(=O)N[C@@H](CC2=CC=CC=C2)C(=O)[C@@]3(C)CO3,NC1=NC2=NC=C(CNC3=CC=C(C=C3)C(=O)NC(CCC(O)=O)C(O)=O)N=C2C(N)=N1,0
CC1(C)OC2=C([C@H](NCC3=CC=CC=C3)[C@@H]1O)C(=O)C4=CC=CC=C4C2=O,NC1=NC2=NC=C(CNC3=CC=C(C=C3)C(=O)NC(CCC(O)=O)C(O)=O)N=C2C(N)=N1,1
COC1=CC2=C(C=C1OC)N(C=N2)C3=CC(OCC4=C(C=CC=C4)C(F)(F)F)=C(S3)C(N)=O,NC1=NC2=NC=C(CNC3=CC=C(C=C3)C(=O)NC(CCC(O)=O)C(O)=O)N=C2C(N)=N1,0
C\C(=N/NC(=S)N1CCC1)C2=NC=CC=C2,NC1=NC2=NC=C(CNC3=CC=C(C=C3)C(=O)NC(CCC(O)=O)C(O)=O)N=C2C(N)=N1,0
COC1=CC=C(C=C1)[S+]([O-])(=O)N(C(C)=O)C2=C(\C=C\C3=CC=N(=O)C=C3)C=CC=C2,NC1=NC2=NC=C(CNC3=CC=C(C=C3)C(=O)NC(CCC(O)=O)C(O)=O)N=C2C(N)=N1,0
FC(F)C1=NN(C(=C1)C2=CN=C(NC(=O)C3CC3)S2)C4=C(Cl)C=CC=C4Cl,NC1=NC2=NC=C(CNC3=CC=C(C=C3)C(=O)NC(CCC(O)=O)C(O)=O)N=C2C(N)=N1,0
CC(NCC1=CC=C2N(CC(C)(C)O)\C(NC2=C1)=N\C(=O)C3=CC=C(S3)C4=CNN=C4)C(C)(C)C,NC1=NC2=NC=C(CNC3=CC=C(C=C3)C(=O)NC(CCC(O)=O)C(O)=O)N=C2C(N)=N1,0
CC(C)C1=C2N=C(N[C@@H](CO)[C@H](O)CO)C=C(NCC3=CC=CC=C3)N2N=C1,NC1=NC2=NC=C(CNC3=CC=C(C=C3)C(=O)NC(CCC(O)=O)C(O)=O)N=C2C(N)=N1,0
CC(C)(N)C1=CC=C(C=C1)C2=NC3=C(C=CC=C3)N=C2C4=CC=CC=C4,NC1=NC2=NC=C(CNC3=CC=C(C=C3)C(=O)NC(CCC(O)=O)C(O)=O)N=C2C(N)=N1,0
CC[C@H]1N(C(C)C)C2=NC(NC3=CC=C(C=C3OC)C(=O)NC4CCC(CC4)N5CCN(CC6CC6)CC5)=NC=C2N(C)C1=O,NC1=NC2=NC=C(CNC3=CC=C(C=C3)C(=O)NC(CCC(O)=O)C(O)=O)N=C2C(N)=N1,0
OC(=O)C1=CC=CN=C1,NC1=NC2=NC=C(CNC3=CC=C(C=C3)C(=O)NC(CCC(O)=O)C(O)=O)N=C2C(N)=N1,1
CCOC(=O)N1CCN(CC1)[N+](\[O-])=N\OC2=CC=C(C=C2C#N)[N+]([O-])=O,NC1=NC2=NC=C(CNC3=CC=C(C=C3)C(=O)NC(CCC(O)=O)C(O)=O)N=C2C(N)=N1,0
CC[C@H]1N(C2CCCC2)C3=NC(NC4=CC=C(C=C4OC)C(=O)NC5CCN(C)CC5)=NC=C3N(C)C1=O,NC1=NC2=NC=C(CNC3=CC=C(C=C3)C(=O)NC(CCC(O)=O)C(O)=O)N=C2C(N)=N1,0
ClC1=CC=C(CCCOC2=NNC(=O)C(Br)=C2NCC3=CN=CC=C3)C=C1,NC1=NC2=NC=C(CNC3=CC=C(C=C3)C(=O)NC(CCC(O)=O)C(O)=O)N=C2C(N)=N1,0
C[C@@H](OC1=C(SC(=C1)N2C=NC3=C2C=C(CN4CCN(C)CC4)C=C3)C(N)=O)C5=CC=CC=C5C(F)(F)F,NC1=NC2=NC=C(CNC3=CC=C(C=C3)C(=O)NC(CCC(O)=O)C(O)=O)N=C2C(N)=N1,0
CN(C(C)=O)C1(CCN(CCC[C@@]2(CCCN(C2)C(=O)C3=CC=CC=C3)C4=CC=C(Cl)C(Cl)=C4)CC1)C5=CC=CC=C5,NC1=NC2=NC=C(CNC3=CC=C(C=C3)C(=O)NC(CCC(O)=O)C(O)=O)N=C2C(N)=N1,0
NC1=NC(N)=C2N=C(CC(CC#C)C3=CC=C(C=C3)C(=O)N[C@@H](CCC(O)=O)C(O)=O)C=NC2=N1,CC(NCC1=CC=C2N(CC(C)(C)O)\C(NC2=C1)=N\C(=O)C3=CC=C(S3)C4=CNN=C4)C(C)(C)C,0
CC(C)C1=NN(C2=C1C(=O)NC(CC3=CC=C(OCCO)C=C3)=N2)C4=C(Cl)C=CC=C4Cl,CC(NCC1=CC=C2N(CC(C)(C)O)\C(NC2=C1)=N\C(=O)C3=CC=C(S3)C4=CNN=C4)C(C)(C)C,1
ClC1=CC=C(OCCCCCCN\C(NC2=CC=NC=C2)=N/C#N)C=C1,CC(NCC1=CC=C2N(CC(C)(C)O)\C(NC2=C1)=N\C(=O)C3=CC=C(S3)C4=CNN=C4)C(C)(C)C,0
O=C(CC1=CC=C(C=N1)C2=CC=C(OCCN3CCOCC3)C=C2)NCC4=CC=CC=C4,CC(NCC1=CC=C2N(CC(C)(C)O)\C(NC2=C1)=N\C(=O)C3=CC=C(S3)C4=CNN=C4)C(C)(C)C,0
CC(C)C[C@H](NC(=O)[C@H](CC1=CC=CC=C1)NC(=O)C2=NC=CN=C2)B(O)O,CC(NCC1=CC=C2N(CC(C)(C)O)\C(NC2=C1)=N\C(=O)C3=CC=C(S3)C4=CNN=C4)C(C)(C)C,1
COCCN1C(C)=[N+](CC2=NC=CN=C2)C3=C1C(=O)C4=CC=CC=C4C3=O,CC(NCC1=CC=C2N(CC(C)(C)O)\C(NC2=C1)=N\C(=O)C3=CC=C(S3)C4=CNN=C4)C(C)(C)C,1
COC1=C(OC)C=C2C(NCCN3CCOCC3)=NC(=NC2=C1)C4=CC=C(C=C4)N5CCN(C)CC5,CC(NCC1=CC=C2N(CC(C)(C)O)\C(NC2=C1)=N\C(=O)C3=CC=C(S3)C4=CNN=C4)C(C)(C)C,1
CN1C=C(C=N1)C2=CC=C3N=CC4=C(N(C(=O)C=C4)C5=CC6=C(CCN6C(=O)C=C)C=C5)C3=C2,CC(NCC1=CC=C2N(CC(C)(C)O)\C(NC2=C1)=N\C(=O)C3=CC=C(S3)C4=CNN=C4)C(C)(C)C,1
CCC1=C2N=C(C=C(NCC3=CC=C[N+]([O-])=C3)N2N=C1)N4CCCC[C@H]4CCO,CC(NCC1=CC=C2N(CC(C)(C)O)\C(NC2=C1)=N\C(=O)C3=CC=C(S3)C4=CNN=C4)C(C)(C)C,1
CN1CCN(CC1)C2=CC=C(NC3=NC=C4C(=O)N(CC=C)N(C4=N3)C5=CC=CC(=N5)C(C)(C)O)C=C2,CC(NCC1=CC=C2N(CC(C)(C)O)\C(NC2=C1)=N\C(=O)C3=CC=C(S3)C4=CNN=C4)C(C)(C)C,1
CC1=C(CCNCC2=CC=C(\C=C\C(=O)NO)C=C2)C3=CC=CC=C3N1,CC(NCC1=CC=C2N(CC(C)(C)O)\C(NC2=C1)=N\C(=O)C3=CC=C(S3)C4=CNN=C4)C(C)(C)C,1
CC(C)C[C@H](NC(=O)[C@H](CCC1=CC=CC=C1)NC(=O)CN2CCOCC2)C(=O)N[C@@H](CC3=CC=CC=C3)C(=O)N[C@@H](CC(C)C)C(=O)[C@@]4(C)CO4,CC(NCC1=CC=C2N(CC(C)(C)O)\C(NC2=C1)=N\C(=O)C3=CC=C(S3)C4=CNN=C4)C(C)(C)C,1
O=C1C2=CC=CC=C2[N+]3=C1C4=C(C=C3)C5=CC=CC=C5N4,CC(NCC1=CC=C2N(CC(C)(C)O)\C(NC2=C1)=N\C(=O)C3=CC=C(S3)C4=CNN=C4)C(C)(C)C,1
COC[C@H](NC(=O)[C@H](COC)NC(=O)C1=CN=C(C)S1)C(=O)N[C@@H](CC2=CC=CC=C2)C(=O)[C@@]3(C)CO3,CC(NCC1=CC=C2N(CC(C)(C)O)\C(NC2=C1)=N\C(=O)C3=CC=C(S3)C4=CNN=C4)C(C)(C)C,1
CC1(C)OC2=C([C@H](NCC3=CC=CC=C3)[C@@H]1O)C(=O)C4=CC=CC=C4C2=O,CC(NCC1=CC=C2N(CC(C)(C)O)\C(NC2=C1)=N\C(=O)C3=CC=C(S3)C4=CNN=C4)C(C)(C)C,0
COC1=CC2=C(C=C1OC)N(C=N2)C3=CC(OCC4=C(C=CC=C4)C(F)(F)F)=C(S3)C(N)=O,CC(NCC1=CC=C2N(CC(C)(C)O)\C(NC2=C1)=N\C(=O)C3=CC=C(S3)C4=CNN=C4)C(C)(C)C,0
C\C(=N/NC(=S)N1CCC1)C2=NC=CC=C2,CC(NCC1=CC=C2N(CC(C)(C)O)\C(NC2=C1)=N\C(=O)C3=CC=C(S3)C4=CNN=C4)C(C)(C)C,1
COC1=CC=C(C=C1)[S+]([O-])(=O)N(C(C)=O)C2=C(\C=C\C3=CC=N(=O)C=C3)C=CC=C2,CC(NCC1=CC=C2N(CC(C)(C)O)\C(NC2=C1)=N\C(=O)C3=CC=C(S3)C4=CNN=C4)C(C)(C)C,0
FC(F)C1=NN(C(=C1)C2=CN=C(NC(=O)C3CC3)S2)C4=C(Cl)C=CC=C4Cl,CC(NCC1=CC=C2N(CC(C)(C)O)\C(NC2=C1)=N\C(=O)C3=CC=C(S3)C4=CNN=C4)C(C)(C)C,1
CC(C)C1=C2N=C(N[C@@H](CO)[C@H](O)CO)C=C(NCC3=CC=CC=C3)N2N=C1,CC(NCC1=CC=C2N(CC(C)(C)O)\C(NC2=C1)=N\C(=O)C3=CC=C(S3)C4=CNN=C4)C(C)(C)C,1
CC(C)(N)C1=CC=C(C=C1)C2=NC3=C(C=CC=C3)N=C2C4=CC=CC=C4,CC(NCC1=CC=C2N(CC(C)(C)O)\C(NC2=C1)=N\C(=O)C3=CC=C(S3)C4=CNN=C4)C(C)(C)C,1
CC[C@H]1N(C(C)C)C2=NC(NC3=CC=C(C=C3OC)C(=O)NC4CCC(CC4)N5CCN(CC6CC6)CC5)=NC=C2N(C)C1=O,CC(NCC1=CC=C2N(CC(C)(C)O)\C(NC2=C1)=N\C(=O)C3=CC=C(S3)C4=CNN=C4)C(C)(C)C,1
CCOC(=O)N1CCN(CC1)[N+](\[O-])=N\OC2=CC=C(C=C2C#N)[N+]([O-])=O,CC(NCC1=CC=C2N(CC(C)(C)O)\C(NC2=C1)=N\C(=O)C3=CC=C(S3)C4=CNN=C4)C(C)(C)C,1
CC[C@H]1N(C2CCCC2)C3=NC(NC4=CC=C(C=C4OC)C(=O)NC5CCN(C)CC5)=NC=C3N(C)C1=O,CC(NCC1=CC=C2N(CC(C)(C)O)\C(NC2=C1)=N\C(=O)C3=CC=C(S3)C4=CNN=C4)C(C)(C)C,1
ClC1=CC=C(CCCOC2=NNC(=O)C(Br)=C2NCC3=CN=CC=C3)C=C1,CC(NCC1=CC=C2N(CC(C)(C)O)\C(NC2=C1)=N\C(=O)C3=CC=C(S3)C4=CNN=C4)C(C)(C)C,1
C[C@@H](OC1=C(SC(=C1)N2C=NC3=C2C=C(CN4CCN(C)CC4)C=C3)C(N)=O)C5=CC=CC=C5C(F)(F)F,CC(NCC1=CC=C2N(CC(C)(C)O)\C(NC2=C1)=N\C(=O)C3=CC=C(S3)C4=CNN=C4)C(C)(C)C,0
CN(C(C)=O)C1(CCN(CCC[C@@]2(CCCN(C2)C(=O)C3=CC=CC=C3)C4=CC=C(Cl)C(Cl)=C4)CC1)C5=CC=CC=C5,CC(NCC1=CC=C2N(CC(C)(C)O)\C(NC2=C1)=N\C(=O)C3=CC=C(S3)C4=CNN=C4)C(C)(C)C,1
NC1=NC(N)=C2N=C(CC(CC#C)C3=CC=C(C=C3)C(=O)N[C@@H](CCC(O)=O)C(O)=O)C=NC2=N1,CC(C)C1=C2N=C(N[C@@H](CO)[C@H](O)CO)C=C(NCC3=CC=CC=C3)N2N=C1,0
O=C(CC1=CC=C(C=N1)C2=CC=C(OCCN3CCOCC3)C=C2)NCC4=CC=CC=C4,CC(C)C1=C2N=C(N[C@@H](CO)[C@H](O)CO)C=C(NCC3=CC=CC=C3)N2N=C1,0
CN1C=C(C=N1)C2=CC=C3N=CC4=C(N(C(=O)C=C4)C5=CC6=C(CCN6C(=O)C=C)C=C5)C3=C2,CC(C)C1=C2N=C(N[C@@H](CO)[C@H](O)CO)C=C(NCC3=CC=CC=C3)N2N=C1,0
CCC1=C2N=C(C=C(NCC3=CC=C[N+]([O-])=C3)N2N=C1)N4CCCC[C@H]4CCO,CC(C)C1=C2N=C(N[C@@H](CO)[C@H](O)CO)C=C(NCC3=CC=CC=C3)N2N=C1,1
O=C1C2=CC=CC=C2[N+]3=C1C4=C(C=C3)C5=CC=CC=C5N4,CC(C)C1=C2N=C(N[C@@H](CO)[C@H](O)CO)C=C(NCC3=CC=CC=C3)N2N=C1,1
C\C(=N/NC(=S)N1CCC1)C2=NC=CC=C2,CC(C)C1=C2N=C(N[C@@H](CO)[C@H](O)CO)C=C(NCC3=CC=CC=C3)N2N=C1,1
COC1=CC=C(C=C1)[S+]([O-])(=O)N(C(C)=O)C2=C(\C=C\C3=CC=N(=O)C=C3)C=CC=C2,CC(C)C1=C2N=C(N[C@@H](CO)[C@H](O)CO)C=C(NCC3=CC=CC=C3)N2N=C1,0
CCOC(=O)N1CCN(CC1)[N+](\[O-])=N\OC2=CC=C(C=C2C#N)[N+]([O-])=O,CC(C)C1=C2N=C(N[C@@H](CO)[C@H](O)CO)C=C(NCC3=CC=CC=C3)N2N=C1,0
ClC1=CC=C(CCCOC2=NNC(=O)C(Br)=C2NCC3=CN=CC=C3)C=C1,CC(C)C1=C2N=C(N[C@@H](CO)[C@H](O)CO)C=C(NCC3=CC=CC=C3)N2N=C1,0
NC1=NC(N)=C2N=C(CC(CC#C)C3=CC=C(C=C3)C(=O)N[C@@H](CCC(O)=O)C(O)=O)C=NC2=N1,CC(C)(N)C1=CC=C(C=C1)C2=NC3=C(C=CC=C3)N=C2C4=CC=CC=C4,1
O=C(CC1=CC=C(C=N1)C2=CC=C(OCCN3CCOCC3)C=C2)NCC4=CC=CC=C4,CC(C)(N)C1=CC=C(C=C1)C2=NC3=C(C=CC=C3)N=C2C4=CC=CC=C4,0
CN1C=C(C=N1)C2=CC=C3N=CC4=C(N(C(=O)C=C4)C5=CC6=C(CCN6C(=O)C=C)C=C5)C3=C2,CC(C)(N)C1=CC=C(C=C1)C2=NC3=C(C=CC=C3)N=C2C4=CC=CC=C4,0
CCC1=C2N=C(C=C(NCC3=CC=C[N+]([O-])=C3)N2N=C1)N4CCCC[C@H]4CCO,CC(C)(N)C1=CC=C(C=C1)C2=NC3=C(C=CC=C3)N=C2C4=CC=CC=C4,1
O=C1C2=CC=CC=C2[N+]3=C1C4=C(C=C3)C5=CC=CC=C5N4,CC(C)(N)C1=CC=C(C=C1)C2=NC3=C(C=CC=C3)N=C2C4=CC=CC=C4,0
C\C(=N/NC(=S)N1CCC1)C2=NC=CC=C2,CC(C)(N)C1=CC=C(C=C1)C2=NC3=C(C=CC=C3)N=C2C4=CC=CC=C4,1
COC1=CC=C(C=C1)[S+]([O-])(=O)N(C(C)=O)C2=C(\C=C\C3=CC=N(=O)C=C3)C=CC=C2,CC(C)(N)C1=CC=C(C=C1)C2=NC3=C(C=CC=C3)N=C2C4=CC=CC=C4,1
FC(F)C1=NN(C(=C1)C2=CN=C(NC(=O)C3CC3)S2)C4=C(Cl)C=CC=C4Cl,CC(C)(N)C1=CC=C(C=C1)C2=NC3=C(C=CC=C3)N=C2C4=CC=CC=C4,0
CC(C)C1=C2N=C(N[C@@H](CO)[C@H](O)CO)C=C(NCC3=CC=CC=C3)N2N=C1,CC(C)(N)C1=CC=C(C=C1)C2=NC3=C(C=CC=C3)N=C2C4=CC=CC=C4,1
CCOC(=O)N1CCN(CC1)[N+](\[O-])=N\OC2=CC=C(C=C2C#N)[N+]([O-])=O,CC(C)(N)C1=CC=C(C=C1)C2=NC3=C(C=CC=C3)N=C2C4=CC=CC=C4,0
ClC1=CC=C(CCCOC2=NNC(=O)C(Br)=C2NCC3=CN=CC=C3)C=C1,CC(C)(N)C1=CC=C(C=C1)C2=NC3=C(C=CC=C3)N=C2C4=CC=CC=C4,0
NC1=NC(N)=C2N=C(CC(CC#C)C3=CC=C(C=C3)C(=O)N[C@@H](CCC(O)=O)C(O)=O)C=NC2=N1,CC[C@H]1N(C(C)C)C2=NC(NC3=CC=C(C=C3OC)C(=O)NC4CCC(CC4)N5CCN(CC6CC6)CC5)=NC=C2N(C)C1=O,0
CC(C)C1=NN(C2=C1C(=O)NC(CC3=CC=C(OCCO)C=C3)=N2)C4=C(Cl)C=CC=C4Cl,CC[C@H]1N(C(C)C)C2=NC(NC3=CC=C(C=C3OC)C(=O)NC4CCC(CC4)N5CCN(CC6CC6)CC5)=NC=C2N(C)C1=O,1
ClC1=CC=C(OCCCCCCN\C(NC2=CC=NC=C2)=N/C#N)C=C1,CC[C@H]1N(C(C)C)C2=NC(NC3=CC=C(C=C3OC)C(=O)NC4CCC(CC4)N5CCN(CC6CC6)CC5)=NC=C2N(C)C1=O,1
O=C(CC1=CC=C(C=N1)C2=CC=C(OCCN3CCOCC3)C=C2)NCC4=CC=CC=C4,CC[C@H]1N(C(C)C)C2=NC(NC3=CC=C(C=C3OC)C(=O)NC4CCC(CC4)N5CCN(CC6CC6)CC5)=NC=C2N(C)C1=O,0
CN1C=C(C=N1)C2=CC=C3N=CC4=C(N(C(=O)C=C4)C5=CC6=C(CCN6C(=O)C=C)C=C5)C3=C2,CC[C@H]1N(C(C)C)C2=NC(NC3=CC=C(C=C3OC)C(=O)NC4CCC(CC4)N5CCN(CC6CC6)CC5)=NC=C2N(C)C1=O,0
CCC1=C2N=C(C=C(NCC3=CC=C[N+]([O-])=C3)N2N=C1)N4CCCC[C@H]4CCO,CC[C@H]1N(C(C)C)C2=NC(NC3=CC=C(C=C3OC)C(=O)NC4CCC(CC4)N5CCN(CC6CC6)CC5)=NC=C2N(C)C1=O,0
CN1CCN(CC1)C2=CC=C(NC3=NC=C4C(=O)N(CC=C)N(C4=N3)C5=CC=CC(=N5)C(C)(C)O)C=C2,CC[C@H]1N(C(C)C)C2=NC(NC3=CC=C(C=C3OC)C(=O)NC4CCC(CC4)N5CCN(CC6CC6)CC5)=NC=C2N(C)C1=O,1
CC1=C(CCNCC2=CC=C(\C=C\C(=O)NO)C=C2)C3=CC=CC=C3N1,CC[C@H]1N(C(C)C)C2=NC(NC3=CC=C(C=C3OC)C(=O)NC4CCC(CC4)N5CCN(CC6CC6)CC5)=NC=C2N(C)C1=O,1
O=C1C2=CC=CC=C2[N+]3=C1C4=C(C=C3)C5=CC=CC=C5N4,CC[C@H]1N(C(C)C)C2=NC(NC3=CC=C(C=C3OC)C(=O)NC4CCC(CC4)N5CCN(CC6CC6)CC5)=NC=C2N(C)C1=O,1
COC[C@H](NC(=O)[C@H](COC)NC(=O)C1=CN=C(C)S1)C(=O)N[C@@H](CC2=CC=CC=C2)C(=O)[C@@]3(C)CO3,CC[C@H]1N(C(C)C)C2=NC(NC3=CC=C(C=C3OC)C(=O)NC4CCC(CC4)N5CCN(CC6CC6)CC5)=NC=C2N(C)C1=O,1
CC1(C)OC2=C([C@H](NCC3=CC=CC=C3)[C@@H]1O)C(=O)C4=CC=CC=C4C2=O,CC[C@H]1N(C(C)C)C2=NC(NC3=CC=C(C=C3OC)C(=O)NC4CCC(CC4)N5CCN(CC6CC6)CC5)=NC=C2N(C)C1=O,1
C\C(=N/NC(=S)N1CCC1)C2=NC=CC=C2,CC[C@H]1N(C(C)C)C2=NC(NC3=CC=C(C=C3OC)C(=O)NC4CCC(CC4)N5CCN(CC6CC6)CC5)=NC=C2N(C)C1=O,1
COC1=CC=C(C=C1)[S+]([O-])(=O)N(C(C)=O)C2=C(\C=C\C3=CC=N(=O)C=C3)C=CC=C2,CC[C@H]1N(C(C)C)C2=NC(NC3=CC=C(C=C3OC)C(=O)NC4CCC(CC4)N5CCN(CC6CC6)CC5)=NC=C2N(C)C1=O,0
FC(F)C1=NN(C(=C1)C2=CN=C(NC(=O)C3CC3)S2)C4=C(Cl)C=CC=C4Cl,CC[C@H]1N(C(C)C)C2=NC(NC3=CC=C(C=C3OC)C(=O)NC4CCC(CC4)N5CCN(CC6CC6)CC5)=NC=C2N(C)C1=O,0
CC(C)C1=C2N=C(N[C@@H](CO)[C@H](O)CO)C=C(NCC3=CC=CC=C3)N2N=C1,CC[C@H]1N(C(C)C)C2=NC(NC3=CC=C(C=C3OC)C(=O)NC4CCC(CC4)N5CCN(CC6CC6)CC5)=NC=C2N(C)C1=O,1
CC(C)(N)C1=CC=C(C=C1)C2=NC3=C(C=CC=C3)N=C2C4=CC=CC=C4,CC[C@H]1N(C(C)C)C2=NC(NC3=CC=C(C=C3OC)C(=O)NC4CCC(CC4)N5CCN(CC6CC6)CC5)=NC=C2N(C)C1=O,0
CCOC(=O)N1CCN(CC1)[N+](\[O-])=N\OC2=CC=C(C=C2C#N)[N+]([O-])=O,CC[C@H]1N(C(C)C)C2=NC(NC3=CC=C(C=C3OC)C(=O)NC4CCC(CC4)N5CCN(CC6CC6)CC5)=NC=C2N(C)C1=O,0
ClC1=CC=C(CCCOC2=NNC(=O)C(Br)=C2NCC3=CN=CC=C3)C=C1,CC[C@H]1N(C(C)C)C2=NC(NC3=CC=C(C=C3OC)C(=O)NC4CCC(CC4)N5CCN(CC6CC6)CC5)=NC=C2N(C)C1=O,0
C[C@@H](OC1=C(SC(=C1)N2C=NC3=C2C=C(CN4CCN(C)CC4)C=C3)C(N)=O)C5=CC=CC=C5C(F)(F)F,CC[C@H]1N(C(C)C)C2=NC(NC3=CC=C(C=C3OC)C(=O)NC4CCC(CC4)N5CCN(CC6CC6)CC5)=NC=C2N(C)C1=O,0
CN(C(C)=O)C1(CCN(CCC[C@@]2(CCCN(C2)C(=O)C3=CC=CC=C3)C4=CC=C(Cl)C(Cl)=C4)CC1)C5=CC=CC=C5,CC[C@H]1N(C(C)C)C2=NC(NC3=CC=C(C=C3OC)C(=O)NC4CCC(CC4)N5CCN(CC6CC6)CC5)=NC=C2N(C)C1=O,1
O=C(NCCCCC1CCN(CC1)C(=O)C2=CC=CC=C2)\C=C\C3=CN=CC=C3,OC(=O)C1=CC=CN=C1,0
NC1=NC(N)=C2N=C(CC(CC#C)C3=CC=C(C=C3)C(=O)N[C@@H](CCC(O)=O)C(O)=O)C=NC2=N1,OC(=O)C1=CC=CN=C1,0
CC(C)C1=NN(C2=C1C(=O)NC(CC3=CC=C(OCCO)C=C3)=N2)C4=C(Cl)C=CC=C4Cl,OC(=O)C1=CC=CN=C1,0
ClC1=CC=C(OCCCCCCN\C(NC2=CC=NC=C2)=N/C#N)C=C1,OC(=O)C1=CC=CN=C1,0
O=C(CC1=CC=C(C=N1)C2=CC=C(OCCN3CCOCC3)C=C2)NCC4=CC=CC=C4,OC(=O)C1=CC=CN=C1,0
CC(C)C[C@H](NC(=O)[C@H](CC1=CC=CC=C1)NC(=O)C2=NC=CN=C2)B(O)O,OC(=O)C1=CC=CN=C1,1
COCCN1C(C)=[N+](CC2=NC=CN=C2)C3=C1C(=O)C4=CC=CC=C4C3=O,OC(=O)C1=CC=CN=C1,1
CN(CC1=CN=C2N=C(N)N=C(N)C2=N1)C3=CC=C(C=C3)C(=O)N[C@@H](CCC(O)=O)C(O)=O,OC(=O)C1=CC=CN=C1,0
COC1=C(OC)C=C2C(NCCN3CCOCC3)=NC(=NC2=C1)C4=CC=C(C=C4)N5CCN(C)CC5,OC(=O)C1=CC=CN=C1,0
CN1C=C(C=N1)C2=CC=C3N=CC4=C(N(C(=O)C=C4)C5=CC6=C(CCN6C(=O)C=C)C=C5)C3=C2,OC(=O)C1=CC=CN=C1,0
CCC1=C2N=C(C=C(NCC3=CC=C[N+]([O-])=C3)N2N=C1)N4CCCC[C@H]4CCO,OC(=O)C1=CC=CN=C1,0
CN1CCN(CC1)C2=CC=C(NC3=NC=C4C(=O)N(CC=C)N(C4=N3)C5=CC=CC(=N5)C(C)(C)O)C=C2,OC(=O)C1=CC=CN=C1,0
CC1=C(CCNCC2=CC=C(\C=C\C(=O)NO)C=C2)C3=CC=CC=C3N1,OC(=O)C1=CC=CN=C1,0
CC(C)C[C@H](NC(=O)[C@H](CCC1=CC=CC=C1)NC(=O)CN2CCOCC2)C(=O)N[C@@H](CC3=CC=CC=C3)C(=O)N[C@@H](CC(C)C)C(=O)[C@@]4(C)CO4,OC(=O)C1=CC=CN=C1,0
O=C1C2=CC=CC=C2[N+]3=C1C4=C(C=C3)C5=CC=CC=C5N4,OC(=O)C1=CC=CN=C1,0
COC[C@H](NC(=O)[C@H](COC)NC(=O)C1=CN=C(C)S1)C(=O)N[C@@H](CC2=CC=CC=C2)C(=O)[C@@]3(C)CO3,OC(=O)C1=CC=CN=C1,0
CC1(C)OC2=C([C@H](NCC3=CC=CC=C3)[C@@H]1O)C(=O)C4=CC=CC=C4C2=O,OC(=O)C1=CC=CN=C1,0
COC1=CC2=C(C=C1OC)N(C=N2)C3=CC(OCC4=C(C=CC=C4)C(F)(F)F)=C(S3)C(N)=O,OC(=O)C1=CC=CN=C1,0
C\C(=N/NC(=S)N1CCC1)C2=NC=CC=C2,OC(=O)C1=CC=CN=C1,1
COC1=CC=C(C=C1)[S+]([O-])(=O)N(C(C)=O)C2=C(\C=C\C3=CC=N(=O)C=C3)C=CC=C2,OC(=O)C1=CC=CN=C1,0
FC(F)C1=NN(C(=C1)C2=CN=C(NC(=O)C3CC3)S2)C4=C(Cl)C=CC=C4Cl,OC(=O)C1=CC=CN=C1,0
CC(NCC1=CC=C2N(CC(C)(C)O)\C(NC2=C1)=N\C(=O)C3=CC=C(S3)C4=CNN=C4)C(C)(C)C,OC(=O)C1=CC=CN=C1,0
CC(C)C1=C2N=C(N[C@@H](CO)[C@H](O)CO)C=C(NCC3=CC=CC=C3)N2N=C1,OC(=O)C1=CC=CN=C1,0
CC(C)(N)C1=CC=C(C=C1)C2=NC3=C(C=CC=C3)N=C2C4=CC=CC=C4,OC(=O)C1=CC=CN=C1,0
CC[C@H]1N(C(C)C)C2=NC(NC3=CC=C(C=C3OC)C(=O)NC4CCC(CC4)N5CCN(CC6CC6)CC5)=NC=C2N(C)C1=O,OC(=O)C1=CC=CN=C1,0
CCOC(=O)N1CCN(CC1)[N+](\[O-])=N\OC2=CC=C(C=C2C#N)[N+]([O-])=O,OC(=O)C1=CC=CN=C1,0
CC[C@H]1N(C2CCCC2)C3=NC(NC4=CC=C(C=C4OC)C(=O)NC5CCN(C)CC5)=NC=C3N(C)C1=O,OC(=O)C1=CC=CN=C1,0
ClC1=CC=C(CCCOC2=NNC(=O)C(Br)=C2NCC3=CN=CC=C3)C=C1,OC(=O)C1=CC=CN=C1,0
C[C@@H](OC1=C(SC(=C1)N2C=NC3=C2C=C(CN4CCN(C)CC4)C=C3)C(N)=O)C5=CC=CC=C5C(F)(F)F,OC(=O)C1=CC=CN=C1,0
CN(C(C)=O)C1(CCN(CCC[C@@]2(CCCN(C2)C(=O)C3=CC=CC=C3)C4=CC=C(Cl)C(Cl)=C4)CC1)C5=CC=CC=C5,OC(=O)C1=CC=CN=C1,0
NC1=NC(N)=C2N=C(CC(CC#C)C3=CC=C(C=C3)C(=O)N[C@@H](CCC(O)=O)C(O)=O)C=NC2=N1,CCOC(=O)N1CCN(CC1)[N+](\[O-])=N\OC2=CC=C(C=C2C#N)[N+]([O-])=O,0
C\C(=N/NC(=S)N1CCC1)C2=NC=CC=C2,CCOC(=O)N1CCN(CC1)[N+](\[O-])=N\OC2=CC=C(C=C2C#N)[N+]([O-])=O,1
NC1=NC(N)=C2N=C(CC(CC#C)C3=CC=C(C=C3)C(=O)N[C@@H](CCC(O)=O)C(O)=O)C=NC2=N1,CC[C@H]1N(C2CCCC2)C3=NC(NC4=CC=C(C=C4OC)C(=O)NC5CCN(C)CC5)=NC=C3N(C)C1=O,0
CC(C)C1=NN(C2=C1C(=O)NC(CC3=CC=C(OCCO)C=C3)=N2)C4=C(Cl)C=CC=C4Cl,CC[C@H]1N(C2CCCC2)C3=NC(NC4=CC=C(C=C4OC)C(=O)NC5CCN(C)CC5)=NC=C3N(C)C1=O,1
ClC1=CC=C(OCCCCCCN\C(NC2=CC=NC=C2)=N/C#N)C=C1,CC[C@H]1N(C2CCCC2)C3=NC(NC4=CC=C(C=C4OC)C(=O)NC5CCN(C)CC5)=NC=C3N(C)C1=O,0
O=C(CC1=CC=C(C=N1)C2=CC=C(OCCN3CCOCC3)C=C2)NCC4=CC=CC=C4,CC[C@H]1N(C2CCCC2)C3=NC(NC4=CC=C(C=C4OC)C(=O)NC5CCN(C)CC5)=NC=C3N(C)C1=O,1
COC1=C(OC)C=C2C(NCCN3CCOCC3)=NC(=NC2=C1)C4=CC=C(C=C4)N5CCN(C)CC5,CC[C@H]1N(C2CCCC2)C3=NC(NC4=CC=C(C=C4OC)C(=O)NC5CCN(C)CC5)=NC=C3N(C)C1=O,1
CN1C=C(C=N1)C2=CC=C3N=CC4=C(N(C(=O)C=C4)C5=CC6=C(CCN6C(=O)C=C)C=C5)C3=C2,CC[C@H]1N(C2CCCC2)C3=NC(NC4=CC=C(C=C4OC)C(=O)NC5CCN(C)CC5)=NC=C3N(C)C1=O,1
CCC1=C2N=C(C=C(NCC3=CC=C[N+]([O-])=C3)N2N=C1)N4CCCC[C@H]4CCO,CC[C@H]1N(C2CCCC2)C3=NC(NC4=CC=C(C=C4OC)C(=O)NC5CCN(C)CC5)=NC=C3N(C)C1=O,1
CN1CCN(CC1)C2=CC=C(NC3=NC=C4C(=O)N(CC=C)N(C4=N3)C5=CC=CC(=N5)C(C)(C)O)C=C2,CC[C@H]1N(C2CCCC2)C3=NC(NC4=CC=C(C=C4OC)C(=O)NC5CCN(C)CC5)=NC=C3N(C)C1=O,1
CC1=C(CCNCC2=CC=C(\C=C\C(=O)NO)C=C2)C3=CC=CC=C3N1,CC[C@H]1N(C2CCCC2)C3=NC(NC4=CC=C(C=C4OC)C(=O)NC5CCN(C)CC5)=NC=C3N(C)C1=O,1
O=C1C2=CC=CC=C2[N+]3=C1C4=C(C=C3)C5=CC=CC=C5N4,CC[C@H]1N(C2CCCC2)C3=NC(NC4=CC=C(C=C4OC)C(=O)NC5CCN(C)CC5)=NC=C3N(C)C1=O,1
COC[C@H](NC(=O)[C@H](COC)NC(=O)C1=CN=C(C)S1)C(=O)N[C@@H](CC2=CC=CC=C2)C(=O)[C@@]3(C)CO3,CC[C@H]1N(C2CCCC2)C3=NC(NC4=CC=C(C=C4OC)C(=O)NC5CCN(C)CC5)=NC=C3N(C)C1=O,0
CC1(C)OC2=C([C@H](NCC3=CC=CC=C3)[C@@H]1O)C(=O)C4=CC=CC=C4C2=O,CC[C@H]1N(C2CCCC2)C3=NC(NC4=CC=C(C=C4OC)C(=O)NC5CCN(C)CC5)=NC=C3N(C)C1=O,0
C\C(=N/NC(=S)N1CCC1)C2=NC=CC=C2,CC[C@H]1N(C2CCCC2)C3=NC(NC4=CC=C(C=C4OC)C(=O)NC5CCN(C)CC5)=NC=C3N(C)C1=O,1
COC1=CC=C(C=C1)[S+]([O-])(=O)N(C(C)=O)C2=C(\C=C\C3=CC=N(=O)C=C3)C=CC=C2,CC[C@H]1N(C2CCCC2)C3=NC(NC4=CC=C(C=C4OC)C(=O)NC5CCN(C)CC5)=NC=C3N(C)C1=O,0
FC(F)C1=NN(C(=C1)C2=CN=C(NC(=O)C3CC3)S2)C4=C(Cl)C=CC=C4Cl,CC[C@H]1N(C2CCCC2)C3=NC(NC4=CC=C(C=C4OC)C(=O)NC5CCN(C)CC5)=NC=C3N(C)C1=O,0
CC(C)C1=C2N=C(N[C@@H](CO)[C@H](O)CO)C=C(NCC3=CC=CC=C3)N2N=C1,CC[C@H]1N(C2CCCC2)C3=NC(NC4=CC=C(C=C4OC)C(=O)NC5CCN(C)CC5)=NC=C3N(C)C1=O,1
CC(C)(N)C1=CC=C(C=C1)C2=NC3=C(C=CC=C3)N=C2C4=CC=CC=C4,CC[C@H]1N(C2CCCC2)C3=NC(NC4=CC=C(C=C4OC)C(=O)NC5CCN(C)CC5)=NC=C3N(C)C1=O,1
CC[C@H]1N(C(C)C)C2=NC(NC3=CC=C(C=C3OC)C(=O)NC4CCC(CC4)N5CCN(CC6CC6)CC5)=NC=C2N(C)C1=O,CC[C@H]1N(C2CCCC2)C3=NC(NC4=CC=C(C=C4OC)C(=O)NC5CCN(C)CC5)=NC=C3N(C)C1=O,1
CCOC(=O)N1CCN(CC1)[N+](\[O-])=N\OC2=CC=C(C=C2C#N)[N+]([O-])=O,CC[C@H]1N(C2CCCC2)C3=NC(NC4=CC=C(C=C4OC)C(=O)NC5CCN(C)CC5)=NC=C3N(C)C1=O,0
ClC1=CC=C(CCCOC2=NNC(=O)C(Br)=C2NCC3=CN=CC=C3)C=C1,CC[C@H]1N(C2CCCC2)C3=NC(NC4=CC=C(C=C4OC)C(=O)NC5CCN(C)CC5)=NC=C3N(C)C1=O,1
C[C@@H](OC1=C(SC(=C1)N2C=NC3=C2C=C(CN4CCN(C)CC4)C=C3)C(N)=O)C5=CC=CC=C5C(F)(F)F,CC[C@H]1N(C2CCCC2)C3=NC(NC4=CC=C(C=C4OC)C(=O)NC5CCN(C)CC5)=NC=C3N(C)C1=O,1
CN(C(C)=O)C1(CCN(CCC[C@@]2(CCCN(C2)C(=O)C3=CC=CC=C3)C4=CC=C(Cl)C(Cl)=C4)CC1)C5=CC=CC=C5,CC[C@H]1N(C2CCCC2)C3=NC(NC4=CC=C(C=C4OC)C(=O)NC5CCN(C)CC5)=NC=C3N(C)C1=O,1
NC1=NC(N)=C2N=C(CC(CC#C)C3=CC=C(C=C3)C(=O)N[C@@H](CCC(O)=O)C(O)=O)C=NC2=N1,ClC1=CC=C(CCCOC2=NNC(=O)C(Br)=C2NCC3=CN=CC=C3)C=C1,0
O=C(CC1=CC=C(C=N1)C2=CC=C(OCCN3CCOCC3)C=C2)NCC4=CC=CC=C4,ClC1=CC=C(CCCOC2=NNC(=O)C(Br)=C2NCC3=CN=CC=C3)C=C1,0
CN1C=C(C=N1)C2=CC=C3N=CC4=C(N(C(=O)C=C4)C5=CC6=C(CCN6C(=O)C=C)C=C5)C3=C2,ClC1=CC=C(CCCOC2=NNC(=O)C(Br)=C2NCC3=CN=CC=C3)C=C1,0
CCC1=C2N=C(C=C(NCC3=CC=C[N+]([O-])=C3)N2N=C1)N4CCCC[C@H]4CCO,ClC1=CC=C(CCCOC2=NNC(=O)C(Br)=C2NCC3=CN=CC=C3)C=C1,1
O=C1C2=CC=CC=C2[N+]3=C1C4=C(C=C3)C5=CC=CC=C5N4,ClC1=CC=C(CCCOC2=NNC(=O)C(Br)=C2NCC3=CN=CC=C3)C=C1,0
C\C(=N/NC(=S)N1CCC1)C2=NC=CC=C2,ClC1=CC=C(CCCOC2=NNC(=O)C(Br)=C2NCC3=CN=CC=C3)C=C1,1
COC1=CC=C(C=C1)[S+]([O-])(=O)N(C(C)=O)C2=C(\C=C\C3=CC=N(=O)C=C3)C=CC=C2,ClC1=CC=C(CCCOC2=NNC(=O)C(Br)=C2NCC3=CN=CC=C3)C=C1,0
CCOC(=O)N1CCN(CC1)[N+](\[O-])=N\OC2=CC=C(C=C2C#N)[N+]([O-])=O,ClC1=CC=C(CCCOC2=NNC(=O)C(Br)=C2NCC3=CN=CC=C3)C=C1,0
NC1=NC(N)=C2N=C(CC(CC#C)C3=CC=C(C=C3)C(=O)N[C@@H](CCC(O)=O)C(O)=O)C=NC2=N1,C[C@@H](OC1=C(SC(=C1)N2C=NC3=C2C=C(CN4CCN(C)CC4)C=C3)C(N)=O)C5=CC=CC=C5C(F)(F)F,0
CC(C)C1=NN(C2=C1C(=O)NC(CC3=CC=C(OCCO)C=C3)=N2)C4=C(Cl)C=CC=C4Cl,C[C@@H](OC1=C(SC(=C1)N2C=NC3=C2C=C(CN4CCN(C)CC4)C=C3)C(N)=O)C5=CC=CC=C5C(F)(F)F,1
ClC1=CC=C(OCCCCCCN\C(NC2=CC=NC=C2)=N/C#N)C=C1,C[C@@H](OC1=C(SC(=C1)N2C=NC3=C2C=C(CN4CCN(C)CC4)C=C3)C(N)=O)C5=CC=CC=C5C(F)(F)F,1
O=C(CC1=CC=C(C=N1)C2=CC=C(OCCN3CCOCC3)C=C2)NCC4=CC=CC=C4,C[C@@H](OC1=C(SC(=C1)N2C=NC3=C2C=C(CN4CCN(C)CC4)C=C3)C(N)=O)C5=CC=CC=C5C(F)(F)F,0
CN1C=C(C=N1)C2=CC=C3N=CC4=C(N(C(=O)C=C4)C5=CC6=C(CCN6C(=O)C=C)C=C5)C3=C2,C[C@@H](OC1=C(SC(=C1)N2C=NC3=C2C=C(CN4CCN(C)CC4)C=C3)C(N)=O)C5=CC=CC=C5C(F)(F)F,1
CCC1=C2N=C(C=C(NCC3=CC=C[N+]([O-])=C3)N2N=C1)N4CCCC[C@H]4CCO,C[C@@H](OC1=C(SC(=C1)N2C=NC3=C2C=C(CN4CCN(C)CC4)C=C3)C(N)=O)C5=CC=CC=C5C(F)(F)F,1
CN1CCN(CC1)C2=CC=C(NC3=NC=C4C(=O)N(CC=C)N(C4=N3)C5=CC=CC(=N5)C(C)(C)O)C=C2,C[C@@H](OC1=C(SC(=C1)N2C=NC3=C2C=C(CN4CCN(C)CC4)C=C3)C(N)=O)C5=CC=CC=C5C(F)(F)F,1
CC1=C(CCNCC2=CC=C(\C=C\C(=O)NO)C=C2)C3=CC=CC=C3N1,C[C@@H](OC1=C(SC(=C1)N2C=NC3=C2C=C(CN4CCN(C)CC4)C=C3)C(N)=O)C5=CC=CC=C5C(F)(F)F,0
O=C1C2=CC=CC=C2[N+]3=C1C4=C(C=C3)C5=CC=CC=C5N4,C[C@@H](OC1=C(SC(=C1)N2C=NC3=C2C=C(CN4CCN(C)CC4)C=C3)C(N)=O)C5=CC=CC=C5C(F)(F)F,0
COC[C@H](NC(=O)[C@H](COC)NC(=O)C1=CN=C(C)S1)C(=O)N[C@@H](CC2=CC=CC=C2)C(=O)[C@@]3(C)CO3,C[C@@H](OC1=C(SC(=C1)N2C=NC3=C2C=C(CN4CCN(C)CC4)C=C3)C(N)=O)C5=CC=CC=C5C(F)(F)F,0
CC1(C)OC2=C([C@H](NCC3=CC=CC=C3)[C@@H]1O)C(=O)C4=CC=CC=C4C2=O,C[C@@H](OC1=C(SC(=C1)N2C=NC3=C2C=C(CN4CCN(C)CC4)C=C3)C(N)=O)C5=CC=CC=C5C(F)(F)F,1
C\C(=N/NC(=S)N1CCC1)C2=NC=CC=C2,C[C@@H](OC1=C(SC(=C1)N2C=NC3=C2C=C(CN4CCN(C)CC4)C=C3)C(N)=O)C5=CC=CC=C5C(F)(F)F,1
COC1=CC=C(C=C1)[S+]([O-])(=O)N(C(C)=O)C2=C(\C=C\C3=CC=N(=O)C=C3)C=CC=C2,C[C@@H](OC1=C(SC(=C1)N2C=NC3=C2C=C(CN4CCN(C)CC4)C=C3)C(N)=O)C5=CC=CC=C5C(F)(F)F,0
FC(F)C1=NN(C(=C1)C2=CN=C(NC(=O)C3CC3)S2)C4=C(Cl)C=CC=C4Cl,C[C@@H](OC1=C(SC(=C1)N2C=NC3=C2C=C(CN4CCN(C)CC4)C=C3)C(N)=O)C5=CC=CC=C5C(F)(F)F,0
CC(C)C1=C2N=C(N[C@@H](CO)[C@H](O)CO)C=C(NCC3=CC=CC=C3)N2N=C1,C[C@@H](OC1=C(SC(=C1)N2C=NC3=C2C=C(CN4CCN(C)CC4)C=C3)C(N)=O)C5=CC=CC=C5C(F)(F)F,0
CC(C)(N)C1=CC=C(C=C1)C2=NC3=C(C=CC=C3)N=C2C4=CC=CC=C4,C[C@@H](OC1=C(SC(=C1)N2C=NC3=C2C=C(CN4CCN(C)CC4)C=C3)C(N)=O)C5=CC=CC=C5C(F)(F)F,0
CCOC(=O)N1CCN(CC1)[N+](\[O-])=N\OC2=CC=C(C=C2C#N)[N+]([O-])=O,C[C@@H](OC1=C(SC(=C1)N2C=NC3=C2C=C(CN4CCN(C)CC4)C=C3)C(N)=O)C5=CC=CC=C5C(F)(F)F,0
ClC1=CC=C(CCCOC2=NNC(=O)C(Br)=C2NCC3=CN=CC=C3)C=C1,C[C@@H](OC1=C(SC(=C1)N2C=NC3=C2C=C(CN4CCN(C)CC4)C=C3)C(N)=O)C5=CC=CC=C5C(F)(F)F,0
NC1=NC(N)=C2N=C(CC(CC#C)C3=CC=C(C=C3)C(=O)N[C@@H](CCC(O)=O)C(O)=O)C=NC2=N1,CN(C(C)=O)C1(CCN(CCC[C@@]2(CCCN(C2)C(=O)C3=CC=CC=C3)C4=CC=C(Cl)C(Cl)=C4)CC1)C5=CC=CC=C5,0
CC(C)C1=NN(C2=C1C(=O)NC(CC3=CC=C(OCCO)C=C3)=N2)C4=C(Cl)C=CC=C4Cl,CN(C(C)=O)C1(CCN(CCC[C@@]2(CCCN(C2)C(=O)C3=CC=CC=C3)C4=CC=C(Cl)C(Cl)=C4)CC1)C5=CC=CC=C5,0
ClC1=CC=C(OCCCCCCN\C(NC2=CC=NC=C2)=N/C#N)C=C1,CN(C(C)=O)C1(CCN(CCC[C@@]2(CCCN(C2)C(=O)C3=CC=CC=C3)C4=CC=C(Cl)C(Cl)=C4)CC1)C5=CC=CC=C5,1
O=C(CC1=CC=C(C=N1)C2=CC=C(OCCN3CCOCC3)C=C2)NCC4=CC=CC=C4,CN(C(C)=O)C1(CCN(CCC[C@@]2(CCCN(C2)C(=O)C3=CC=CC=C3)C4=CC=C(Cl)C(Cl)=C4)CC1)C5=CC=CC=C5,0
CN1C=C(C=N1)C2=CC=C3N=CC4=C(N(C(=O)C=C4)C5=CC6=C(CCN6C(=O)C=C)C=C5)C3=C2,CN(C(C)=O)C1(CCN(CCC[C@@]2(CCCN(C2)C(=O)C3=CC=CC=C3)C4=CC=C(Cl)C(Cl)=C4)CC1)C5=CC=CC=C5,0
CCC1=C2N=C(C=C(NCC3=CC=C[N+]([O-])=C3)N2N=C1)N4CCCC[C@H]4CCO,CN(C(C)=O)C1(CCN(CCC[C@@]2(CCCN(C2)C(=O)C3=CC=CC=C3)C4=CC=C(Cl)C(Cl)=C4)CC1)C5=CC=CC=C5,1
CN1CCN(CC1)C2=CC=C(NC3=NC=C4C(=O)N(CC=C)N(C4=N3)C5=CC=CC(=N5)C(C)(C)O)C=C2,CN(C(C)=O)C1(CCN(CCC[C@@]2(CCCN(C2)C(=O)C3=CC=CC=C3)C4=CC=C(Cl)C(Cl)=C4)CC1)C5=CC=CC=C5,0
CC1=C(CCNCC2=CC=C(\C=C\C(=O)NO)C=C2)C3=CC=CC=C3N1,CN(C(C)=O)C1(CCN(CCC[C@@]2(CCCN(C2)C(=O)C3=CC=CC=C3)C4=CC=C(Cl)C(Cl)=C4)CC1)C5=CC=CC=C5,1
O=C1C2=CC=CC=C2[N+]3=C1C4=C(C=C3)C5=CC=CC=C5N4,CN(C(C)=O)C1(CCN(CCC[C@@]2(CCCN(C2)C(=O)C3=CC=CC=C3)C4=CC=C(Cl)C(Cl)=C4)CC1)C5=CC=CC=C5,0
COC[C@H](NC(=O)[C@H](COC)NC(=O)C1=CN=C(C)S1)C(=O)N[C@@H](CC2=CC=CC=C2)C(=O)[C@@]3(C)CO3,CN(C(C)=O)C1(CCN(CCC[C@@]2(CCCN(C2)C(=O)C3=CC=CC=C3)C4=CC=C(Cl)C(Cl)=C4)CC1)C5=CC=CC=C5,1
CC1(C)OC2=C([C@H](NCC3=CC=CC=C3)[C@@H]1O)C(=O)C4=CC=CC=C4C2=O,CN(C(C)=O)C1(CCN(CCC[C@@]2(CCCN(C2)C(=O)C3=CC=CC=C3)C4=CC=C(Cl)C(Cl)=C4)CC1)C5=CC=CC=C5,0
C\C(=N/NC(=S)N1CCC1)C2=NC=CC=C2,CN(C(C)=O)C1(CCN(CCC[C@@]2(CCCN(C2)C(=O)C3=CC=CC=C3)C4=CC=C(Cl)C(Cl)=C4)CC1)C5=CC=CC=C5,1
COC1=CC=C(C=C1)[S+]([O-])(=O)N(C(C)=O)C2=C(\C=C\C3=CC=N(=O)C=C3)C=CC=C2,CN(C(C)=O)C1(CCN(CCC[C@@]2(CCCN(C2)C(=O)C3=CC=CC=C3)C4=CC=C(Cl)C(Cl)=C4)CC1)C5=CC=CC=C5,0
FC(F)C1=NN(C(=C1)C2=CN=C(NC(=O)C3CC3)S2)C4=C(Cl)C=CC=C4Cl,CN(C(C)=O)C1(CCN(CCC[C@@]2(CCCN(C2)C(=O)C3=CC=CC=C3)C4=CC=C(Cl)C(Cl)=C4)CC1)C5=CC=CC=C5,0
CC(C)C1=C2N=C(N[C@@H](CO)[C@H](O)CO)C=C(NCC3=CC=CC=C3)N2N=C1,CN(C(C)=O)C1(CCN(CCC[C@@]2(CCCN(C2)C(=O)C3=CC=CC=C3)C4=CC=C(Cl)C(Cl)=C4)CC1)C5=CC=CC=C5,0
CC(C)(N)C1=CC=C(C=C1)C2=NC3=C(C=CC=C3)N=C2C4=CC=CC=C4,CN(C(C)=O)C1(CCN(CCC[C@@]2(CCCN(C2)C(=O)C3=CC=CC=C3)C4=CC=C(Cl)C(Cl)=C4)CC1)C5=CC=CC=C5,0
CCOC(=O)N1CCN(CC1)[N+](\[O-])=N\OC2=CC=C(C=C2C#N)[N+]([O-])=O,CN(C(C)=O)C1(CCN(CCC[C@@]2(CCCN(C2)C(=O)C3=CC=CC=C3)C4=CC=C(Cl)C(Cl)=C4)CC1)C5=CC=CC=C5,0
ClC1=CC=C(CCCOC2=NNC(=O)C(Br)=C2NCC3=CN=CC=C3)C=C1,CN(C(C)=O)C1(CCN(CCC[C@@]2(CCCN(C2)C(=O)C3=CC=CC=C3)C4=CC=C(Cl)C(Cl)=C4)CC1)C5=CC=CC=C5,0
C[C@@H](OC1=C(SC(=C1)N2C=NC3=C2C=C(CN4CCN(C)CC4)C=C3)C(N)=O)C5=CC=CC=C5C(F)(F)F,CN(C(C)=O)C1(CCN(CCC[C@@]2(CCCN(C2)C(=O)C3=CC=CC=C3)C4=CC=C(Cl)C(Cl)=C4)CC1)C5=CC=CC=C5,0
